URL,Last crawled
https://www.yominelectric.com/products?category=socket-wiring&id=ym-sw-wallmountedangledsocketyme004&product=wall-mounted-angled-socket-yme004,2026-07-26
https://www.yominelectric.com/products?category=other&id=ym-0273,2026-07-26
https://www.yominelectric.com/products?category=rigid-busbar&id=ym-0443,2026-07-26
https://www.yominelectric.com/products?category=other&id=ym-0071,2026-07-26
https://www.yominelectric.com/products?category=voltage-stabilizer-regulator&id=ym-0007,2026-07-26
https://www.yominelectric.com/products?category=flexible-busbar&id=ym-0576,2026-07-25
https://www.yominelectric.com/products?category=energy-meter&id=ym-0776,2026-07-25
https://www.yominelectric.com/products?category=flexible-busbar&id=ym-0612,2026-07-25
https://www.yominelectric.com/products?category=fuse-protection&id=ym-0948&product=manufacturer-pnc-fuse-isolating-switch-250a-knife-switch-antiaccidental-touch-fl,2026-07-25
https://www.yominelectric.com/products?category=other&id=ym-0148,2026-07-25
https://www.yominelectric.com/products?category=energy-meter&id=ym-0307,2026-07-25
https://www.yominelectric.com/products?category=energy-meter&id=ym-0230,2026-07-25
https://www.yominelectric.com/products?category=energy-meter&id=ym-0085&product=front-board-installed-card-prepaid-single-phase-electricity-smart-prepaid-electr,2026-07-25
https://www.yominelectric.com/products?category=energy-meter&id=ym-0087&product=200v-single-phase-din-rail-kwh-frequency-power-meter-kwh-power-consumption-digit,2026-07-25
https://www.yominelectric.com/products?category=energy-meter&id=ym-0146,2026-07-25
https://www.yominelectric.com/socket-wiring,2026-07-25
https://www.yominelectric.com/products?category=fuse-protection&id=ym-0975&product=professional-electric-high-voltage-fuse-electrical-porcelain-fuse-cutout-electri,2026-07-25
https://www.yominelectric.com/products?category=energy-meter&id=ym-0143,2026-07-25
https://www.yominelectric.com/products?category=aluminum-busbar&id=ym-0545,2026-07-25
https://www.yominelectric.com/products?category=current-transformer&id=ym-0985,2026-07-25
https://www.yominelectric.com/products?category=fuse-protection&id=ym-0945&product=factory-direct-sales-bp32-series-flame-retardant-isolating-switch-100a250a400a63,2026-07-25
https://www.yominelectric.com/products?category=solar-pv-products&id=ym-0422,2026-07-25
https://www.yominelectric.com/products?category=energy-meter&id=ym-0726,2026-07-25
https://www.yominelectric.com/products?category=voltage-protector&id=ym-0138&product=highqualityadjustableoverundervoltageprotectorsing,2026-07-25
https://www.yominelectric.com/products?category=current-transformer&id=ym-1042&product=jdzc610-indoor-singlephase-power-source-voltage-transformer-10-kv-potential-380v,2026-07-25
https://www.yominelectric.com/products?category=variac-transformer&id=ym-0373,2026-07-25
https://www.yominelectric.com/products?category=voltage-stabilizer-regulator&id=ym-0249,2026-07-25
https://www.yominelectric.com/products?category=heavy-duty-busbar&id=ym-0581,2026-07-25
https://www.yominelectric.com/products?category=fuse-protection&id=ym-0976&product=200ka-stainless-steel-lightning-rod-lightning-arrester-lightning-protection-syst,2026-07-25
https://www.yominelectric.com/products?category=voltage-stabilizer-regulator&id=ym-0075,2026-07-25
https://www.yominelectric.com/products?category=current-transformer&id=ym-0412,2026-07-25
https://www.yominelectric.com/products?category=terminal-connector&id=ym-0216,2026-07-25
https://www.yominelectric.com/products?category=voltage-stabilizer-regulator&id=ym-0112&product=high-efficiencystablemanualvoltagetransformertdgcm,2026-07-25
https://www.yominelectric.com/products?category=fuse-protection&id=ym-0135,2026-07-25
https://www.yominelectric.com/products?category=other&id=ym-0905,2026-07-25
https://www.yominelectric.com/products?category=flexible-busbar&id=ym-0494,2026-07-25
https://www.yominelectric.com/products?category=current-transformer&id=ym-1061&product=outdoordrysingle-phase35kvhighvoltagetransformerjd,2026-07-25
https://www.yominelectric.com/products?category=current-transformer&id=ym-1077,2026-07-25
https://www.yominelectric.com/products?category=current-transformer&id=ym-0854,2026-07-25
https://www.yominelectric.com/products?category=fuse-protection&id=ym-0964&product=source-manufacturer-isolation-manual-transfer-switch-1p-modular-transfer-switch-,2026-07-25
https://www.yominelectric.com/products?category=current-transformer&id=ym-0402&product=class10ctcurrenttransformer4000-5,2026-07-25
https://www.yominelectric.com/products?category=energy-meter&id=ym-0070&product=iso9001factoryelectronmechanicalactivesingle1phase,2026-07-25
https://www.yominelectric.com/products?category=fuse-protection&id=ym-0944&product=opentypepncfuseisolatingswitch250aanti-accidentalt,2026-07-25
https://www.yominelectric.com/products?category=energy-meter&id=ym-0284&product=newtypeactiveelectrictwowiredinraildigitalsingleph,2026-07-25
https://www.yominelectric.com/products?category=aluminum-busbar&id=ym-0604&product=highqualitycustomizablealuminumconnectorsforpowerd,2026-07-25
https://www.yominelectric.com/products?category=flexible-busbar&id=ym-0450&product=customprocessedflexiblecopperbusbarsforpowerdistri,2026-07-25
https://www.yominelectric.com/products?category=energy-meter&id=ym-0271&product=factorysupply4pdinraildigitallcdelectricpowerenerg,2026-07-25
https://www.yominelectric.com/products?category=other&id=ym-0110&product=manufacturer5000wtransformerstepupanddowntransform,2026-07-25
https://www.yominelectric.com/products?category=energy-meter&id=ym-0802&product=newtypelcddisplayandpulseoutputactiveelectricsingl,2026-07-25
https://www.yominelectric.com/products?category=energy-meter&id=ym-0751&product=iso9001factorydtsy666-nthreephasesplitprepaymenten,2026-07-25
https://www.yominelectric.com/products?category=terminal-connector&id=ym-0925&product=pa-1500tensionclampaluminumalloyoverheadcableclamp,2026-07-25
https://www.yominelectric.com/products?category=energy-meter&id=ym-0124&product=minianalogdisplaysinglephasedigitalwattmeterpowerc,2026-07-25
https://www.yominelectric.com/products?category=fuse-protection&id=ym-0945,2026-07-25
https://www.yominelectric.com/products?category=flexible-busbar&id=ym-0512&product=insulatedtin-platedcopperbusconnectorforlithiumbat,2026-07-25
https://www.yominelectric.com/products?category=terminal-connector&id=ym-0970&product=factorydirectsalesjbc1insulatedpiercingclampjbc1ca,2026-07-25
https://www.yominelectric.com/products?category=flexible-busbar&id=ym-0552&product=flexiblecopperbusbarinirregularshapesinsulatedequi,2026-07-25
https://www.yominelectric.com/products?category=composite-laminated-busbar&id=ym-0486&product=hybridandpureelectricvehiclesrailtransitbusbarcomp,2026-07-25
https://www.yominelectric.com/products?category=flexible-busbar&id=ym-0513&product=customizedpurecoppernickel-platedinsulatedflexible,2026-07-25
https://www.yominelectric.com/products?category=energy-meter&id=ym-0381&product=class1msqserieshighaccuracylowvoltagecurrenttransf,2026-07-25
https://www.yominelectric.com/products?category=energy-meter&id=ym-0787&product=powerconsumptionanalogcountersinglephaseminielectr,2026-07-25
https://www.yominelectric.com/products?category=terminal-connector&id=ym-0225&product=copperelectricalcablelugselectriccableterminalspro,2026-07-25
https://www.yominelectric.com/products?category=screw-machine&id=ym-sm-001&product=yominmetaldeepprocessingmachine,2026-07-25
https://www.yominelectric.com/products?category=voltage-stabilizer-regulator&id=ym-0029&product=stabilizerderseriesac220vsinglephaseautomaticvolta,2026-07-25
https://www.yominelectric.com/products?category=flexible-busbar&id=ym-0485&product=customizedsizenewenergyautomotivebatterysoftconnec,2026-07-25
https://www.yominelectric.com/products?category=rigid-busbar&id=ym-0602&product=rigidcopperbusbarwithextrudedaluminiumcoatingpower,2026-07-25
https://www.yominelectric.com/products?category=voltage-stabilizer-regulator&id=ym-0912&product=factorytdgc2voltageregulator220vvariac02kva08amplo,2026-07-25
https://www.yominelectric.com/products?category=variac-transformer&id=ym-1070&product=high-efficiency3kv6kv10kvsingle-phasefulloperation,2026-07-25
https://www.yominelectric.com/products?category=voltage-stabilizer-regulator&id=ym-0895&product=labandindustrialuse0-300voutputcontrol1000vasingle,2026-07-25
https://www.yominelectric.com/products?category=fuse-protection&id=ym-0135&product=fastdeliveryhigh-capacity500vsinglepolebakelitefus,2026-07-25
https://www.yominelectric.com/products?category=flexible-busbar&id=ym-0667&product=customizedflexiblecopperfoillaminatedsoftelectrica,2026-07-25
https://www.yominelectric.com/products?category=energy-meter&id=ym-0163&product=instockfastdeliverynewdesignrs485threephasedinrail,2026-07-25
https://www.yominelectric.com/products?category=energy-meter&id=ym-0704&product=yem021gcrs485andinfrared3phase4wiredinrailenergyme,2026-07-25
https://www.yominelectric.com/products?category=current-transformer&id=ym-0404&product=600-5aclass10currenttransformercurrenttransformer,2026-07-25
https://www.yominelectric.com/products?category=energy-meter&id=ym-0750&product=iso9001factoryyem073uksinglephasemeterenergyelectr,2026-07-25
https://www.yominelectric.com/products?category=terminal-connector&id=ym-0924,2026-07-25
https://www.yominelectric.com/products?category=aluminum-busbar&id=ym-0657&product=highqualityautoextrudedcopperaluminumbusbarcustomi,2026-07-25
https://www.yominelectric.com/products?category=energy-meter&id=ym-0092&product=dinrailsinglephasemodbuselectricitymetermulti-rate,2026-07-25
https://www.yominelectric.com/products?category=energy-meter&id=ym-0079&product=dinrailkwhmetersinglephaseminidinrailkwhmeteractiv,2026-07-25
https://www.yominelectric.com/products?category=terminal-connector&id=ym-0239&product=copperbusbarterminalblockhighqualityterminalblocks,2026-07-25
https://www.yominelectric.com/products?category=current-transformer&id=ym-1089&product=highvoltagecurrenttransformerlzzb9-10spowerusageca,2026-07-25
https://www.yominelectric.com/products?category=fuse-protection&id=ym-0965&product=factorydirectsalesbp32seriesisolatingswitch100a250,2026-07-25
https://www.yominelectric.com/products?category=aluminum-busbar&id=ym-0559&product=customizableplasticaluminumbusbarfornewenergyvehic,2026-07-25
https://www.yominelectric.com/products?category=current-transformer&id=ym-0413&product=factory400-5aclass10splitcorecurrenttransformercur,2026-07-25
https://www.yominelectric.com/products?category=energy-storage-busbar&id=ym-0453&product=highqualitynewenergy,2026-07-25
https://www.yominelectric.com/products?category=rigid-busbar&id=ym-0640&product=hotsellingcustomizedrigidcopperbusbaraluminumfoile,2026-07-25
https://www.yominelectric.com/products?category=current-transformer&id=ym-0409&product=manufacturermsq-30-150-5casingtypecurrenttransform,2026-07-25
https://www.yominelectric.com/products?category=current-transformer&id=ym-1076&product=authenticlaj-10qthrough-wallhigh-voltagecurrenttra,2026-07-25
https://www.yominelectric.com/products?category=energy-meter&id=ym-0764&product=digitaldisplaylong-tailpulseport35-mmdinrailtypers,2026-07-25
https://www.yominelectric.com/products?category=energy-meter&id=ym-0369&product=dinrailthree-phasemodbusdigitalkwhsmartelectricmet,2026-07-25
https://www.yominelectric.com/products?category=current-transformer&id=ym-0871&product=lmz1-05rresinmaterialtypectclass05lowvoltagecurren,2026-07-25
https://www.yominelectric.com/products?category=voltage-stabilizer-regulator&id=ym-0015&product=singlephasecpucontrolrelaytypeacautomaticregulator,2026-07-25
https://www.yominelectric.com/products?category=aluminum-busbar&id=ym-0465&product=directsalefromchinesemanufacturercustomizablealumi,2026-07-25
https://www.yominelectric.com/products?category=energy-meter&id=ym-0058&product=digitalonly3580a7pthreephasefourwirewifidinrailsma,2026-07-25
https://www.yominelectric.com/products?category=current-transformer&id=ym-0073,2026-07-25
https://www.yominelectric.com/products?category=terminal-connector&id=ym-0194&product=highqualitymultiwireholealuminumcopperalloytermina,2026-07-25
https://www.yominelectric.com/products?category=energy-meter&id=ym-0760&product=digitalsingle-phase2pelectricenergymetercounter580,2026-07-25
https://www.yominelectric.com/products?category=other&id=ym-0065&product=fastdeliverymanufacturersinglephase50va10kvinputvo,2026-07-25
https://www.yominelectric.com/products?category=energy-meter&id=ym-0107&product=instockfastdeliverysmartprepaidiccard3phaseelectri,2026-07-25
https://www.yominelectric.com/products?category=flexible-busbar&id=ym-0473,2026-07-24
https://www.yominelectric.com/products?category=fuse-protection&id=ym-0967&product=bp32-series-100a250a400a630a-negative-pole-isolating-switch-31b3100a-single-thro,2026-07-24
https://www.yominelectric.com/products?category=other&id=ym-0857&product=pvctrunkinggoulotte,2026-07-24
https://www.yominelectric.com/products?category=variac-transformer&id=ym-0184&product=tsgc26kvathreephaseadjustablevariacvariabletransfo,2026-07-24
https://www.yominelectric.com/products?category=current-transformer&id=ym-1032&product=indoor-outdoorhighprecisionsingleandthreephasevolt,2026-07-24
https://www.yominelectric.com/products?category=voltage-stabilizer-regulator&id=ym-0870&product=variac2kvacontact-regulatorpowertransformer220v3kw,2026-07-24
https://www.yominelectric.com/products?category=aluminum-busbar&id=ym-0316&product=yominel-3mbusbarwithel-600insulators10kvratedvolta,2026-07-24
https://www.yominelectric.com/products?category=current-transformer&id=ym-1042&product=jdzc-6-10indoorsingle-phasepowersourcevoltagetrans,2026-07-24
https://www.yominelectric.com/products?category=socket-wiring&id=ym-sw-industrialwaterproofsocketboxym006&product=industrialwaterproofsocketboxym-006,2026-07-24
https://www.yominelectric.com/products?category=flexible-busbar&id=ym-0452&product=high-currentribbedsteelbusbarclampelectricalconnec,2026-07-24
https://www.yominelectric.com/products?category=solar-pv-products&id=ym-0422&product=dcbreaker63a80a100a125a500vdc1000vdcforsolarpanelp,2026-07-24
https://www.yominelectric.com/products?category=energy-meter&id=ym-0168&product=single-phasecounterwireless40amaximumcurrentfreque,2026-07-24
https://www.yominelectric.com/products?category=current-transformer&id=ym-1006&product=10kvctindustrialcontrolsoutdoorhighvoltagecurrentt,2026-07-24
https://www.yominelectric.com/products?category=variac-transformer&id=ym-0995&product=typebcombinedtransformer35kvdualelementthreephaset,2026-07-24
https://www.yominelectric.com/products?category=variac-transformer&id=ym-1043&product=jls-35outdoormeasuringboxsinglephasecoilshape35kvo,2026-07-24
https://www.yominelectric.com/products?category=current-transformer&id=ym-1069&product=lzzbj9-10aindoorhighvoltagecurrenttransformer10kvh,2026-07-24
https://www.yominelectric.com/products?category=voltage-stabilizer-regulator&id=ym-0256&product=tdgc2-5ksinglephaseaccurrentcaralternatorvariacreg,2026-07-24
https://www.yominelectric.com/products?category=energy-meter&id=ym-0700,2026-07-24
https://www.yominelectric.com/products?category=terminal-connector&id=ym-0923&product=insulatedwireclampoutdoorwaterproofwire-freecablet,2026-07-24
https://www.yominelectric.com/products?category=energy-meter&id=ym-0233&product=4plcd230vrail-mountedelectricityacactivemeterthree,2026-07-24
https://www.yominelectric.com/products?category=current-transformer&id=ym-0323&product=yomin10kvoutdoorsinglephasehighvoltagecurrenttrans,2026-07-24
https://www.yominelectric.com/products?category=energy-storage-busbar&id=ym-0610&product=highqualitycustomsoftbusbarsfor300acopperenergysto,2026-07-24
https://www.yominelectric.com/products?category=current-transformer&id=ym-1092&product=jdzx11-1520typepowertransformerwithsinglephasecopp,2026-07-24
https://www.yominelectric.com/products?category=emergency-lighting&id=ym-el-2005&product=centralizedemergencylightingpower,2026-07-24
https://www.yominelectric.com/products?category=variac-transformer&id=ym-0338,2026-07-24
https://www.yominelectric.com/products?category=fuse-protection&id=ym-1003&product=10kvvacuumcircuitbreakerzw20-12fg-630aoutdoorhighv,2026-07-24
https://www.yominelectric.com/products?category=energy-meter&id=ym-0085,2026-07-24
https://www.yominelectric.com/products?category=flexible-busbar&id=ym-0594&product=newenergypowernickel-platedcopperbusbarhighquality,2026-07-24
https://www.yominelectric.com/products?category=energy-meter&id=ym-0299&product=wifisinglephasetwowiresmartenergymeterwithmemoryfu,2026-07-24
https://www.yominelectric.com/products?category=other&id=ym-0349&product=manufacturerbkseriescontroltransformersinglephasei,2026-07-24
https://www.yominelectric.com/products?category=socket-wiring&id=ym-sw-industrialwaterproofsocketboxym009&product=industrialwaterproofsocketboxym-009,2026-07-24
https://www.yominelectric.com/products?category=terminal-connector&id=ym-0305&product=automaticbrassbusbarterminalproductionmachinedrill,2026-07-24
https://www.yominelectric.com/products?category=energy-meter&id=ym-0773&product=single-phaseenergyefficientdinrailkwhwatt-hourmete,2026-07-24
https://www.yominelectric.com/products?category=aluminum-busbar&id=ym-0455&product=flexibleinsulatedbus-bar300acoppersteelgalvanizeda,2026-07-24
https://www.yominelectric.com/products?category=fuse-protection&id=ym-0961&product=factorydirectsalesofvietnamesent50miniaturecircuit,2026-07-24
https://www.yominelectric.com/products?category=energy-meter&id=ym-0284,2026-07-24
https://www.yominelectric.com/products?category=energy-meter&id=ym-0763&product=class1dinrailsinglephasedigitalelectronickwhmetere,2026-07-24
https://www.yominelectric.com/products?category=energy-meter&id=ym-0146&product=yem021gc-nthreephasedinrailmountedsmartmeterenerco,2026-07-24
https://www.yominelectric.com/products?category=voltage-stabilizer-regulator&id=ym-0849&product=tdgc27kvamanualacsinglephasevoltageregulator30ampv,2026-07-24
https://www.yominelectric.com/products?category=energy-meter&id=ym-0289&product=newtypeactiveelectricenergymeasurementsinglephases,2026-07-24
https://www.yominelectric.com/products?category=energy-meter&id=ym-0693&product=singlephasedinrailcheap220venergymeterformedidorde,2026-07-24
https://www.yominelectric.com/products?category=flexible-busbar&id=ym-0551&product=groundconnectionflatcopperandstainlesssteelbraided,2026-07-24
https://www.yominelectric.com/products?category=current-transformer&id=ym-0903&product=factorypricemsq-85typesinglephase10kvinputvoltages,2026-07-24
https://www.yominelectric.com/products?category=energy-meter&id=ym-0695&product=tuyasmartenergytimerappcontrolwifienergymeter1pdin,2026-07-24
https://www.yominelectric.com/products?category=flexible-busbar&id=ym-0463&product=highqualitycustomizableflexiblecopperbusbarconnect,2026-07-24
https://www.yominelectric.com/products?category=voltage-stabilizer-regulator&id=ym-0016&product=highqualifieddtr45-15kvamodelsinglephaseautomaticv,2026-07-24
https://www.yominelectric.com/products?category=flexible-busbar&id=ym-0433,2026-07-24
https://www.yominelectric.com/products?category=flexible-busbar&id=ym-0579&product=automotivelifepo4batteryflexiblebusbarnewenergynew,2026-07-24
https://www.yominelectric.com/products?category=other&id=ym-0388&product=50hzdisplay1phase2wiredinrailkwhenergymeterhouseho,2026-07-24
https://www.yominelectric.com/products?category=aluminum-busbar&id=ym-0545&product=highqualitycustomizablesoftaluminumbusbarsisocerti,2026-07-24
https://www.yominelectric.com/products?category=tools-hardware&id=ym-0252&product=jbk5400vaseriessingle-phasecontroltransformerforma,2026-07-24
https://www.yominelectric.com/products?category=current-transformer&id=ym-0707&product=800-5aclass10currenttransformerformeasuringcurrent,2026-07-24
https://www.yominelectric.com/products?category=terminal-connector&id=ym-0972&product=sourcemanufacturerpc2insulatedwirepiercingclamp1kv,2026-07-24
https://www.yominelectric.com/products?category=tools-hardware&id=ym-0345&product=manufacturer400vamachinetoolcontroltransformerisol,2026-07-24
https://www.yominelectric.com/products?category=variac-transformer&id=ym-0254&product=tdgc2500vasingle-phase2ampvariactransformercopperm,2026-07-24
https://www.yominelectric.com/products?category=flexible-busbar&id=ym-0688&product=lightningprotectionflatcopperbraidedtapeftcbfrcbfl,2026-07-24
https://www.yominelectric.com/products?category=terminal-connector&id=ym-0922&product=factorydirectinsulatedsuspensionwireclamps-flamere,2026-07-24
https://www.yominelectric.com/products?category=energy-meter&id=ym-0086&product=80amaximumcurrentrs485communicationkwhpowerconsump,2026-07-24
https://www.yominelectric.com/products?category=current-transformer&id=ym-1040&product=yongtaiwufangopencurrenttransformerhigh-poweredsin,2026-07-24
https://www.yominelectric.com/products?category=energy-meter&id=ym-0213&product=yominwirelessdinrailinstallationsinglephaseelectri,2026-07-24
https://www.yominelectric.com/products?category=socket-wiring&id=ym-sw-portablesocketboxym801&product=portablesocketboxym-801,2026-07-24
https://www.yominelectric.com/products?category=fuse-protection&id=ym-0950&product=factorydirectsalespncfusedisconnectswitch250aanti-,2026-07-24
https://www.yominelectric.com/products?category=energy-meter&id=ym-0364&product=yem321380vdigitalkwhmeterpowermeter3phase4wireener,2026-07-24
https://www.yominelectric.com/products?category=voltage-stabilizer-regulator&id=ym-0372&product=2kvavoltageregulatorhouseholdsinglephasetdgc2varia,2026-07-24
https://www.yominelectric.com/products?category=current-transformer&id=ym-0074&product=singlephase50turns250-5aclass05electrictransformer,2026-07-24
https://www.yominelectric.com/products?category=energy-meter&id=ym-0241&product=single-phaseelectricdigitalenergymeternewmouldhous,2026-07-24
https://www.yominelectric.com/products?category=voltage-stabilizer-regulator&id=ym-0876&product=manufacturertdgc2-520a5000vaoutputautotransformers,2026-07-24
https://www.yominelectric.com/products?category=energy-meter&id=ym-0331&product=wifismartminitimerswitchappcontrolprogrammablepowe,2026-07-24
https://www.yominelectric.com/products?category=flexible-busbar&id=ym-0532&product=customizableinsulatedsoftconnectionofflexiblecoppe,2026-07-24
https://www.yominelectric.com/products?category=voltage-stabilizer-regulator&id=ym-0007&product=cpucontrolrelaytypewps3000vaseriesairconditioningw,2026-07-24
https://www.yominelectric.com/products?category=current-transformer&id=ym-1068&product=jdzw9-35qoutdoor35kvvoltagetransformerhighvoltagei,2026-07-24
https://www.yominelectric.com/products?category=energy-meter&id=ym-0811&product=single-phasekeyresetelectricmeterhouseholdrail-mou,2026-07-24
https://www.yominelectric.com/products?category=energy-meter&id=ym-0230&product=single-phase2wiredinrailelectronickwhenergymeterwi,2026-07-24
https://www.yominelectric.com/products?category=energy-meter&id=ym-0792&product=accuratedigitalenergymonitoringkilowatthourenergym,2026-07-24
https://www.yominelectric.com/products?category=rigid-busbar&id=ym-0489&product=customizedcopperhardbusbarconnectorsfornewenergyve,2026-07-24
https://www.yominelectric.com/products?category=energy-meter&id=ym-0750,2026-07-24
https://www.yominelectric.com/products?category=voltage-stabilizer-regulator&id=ym-0420&product=manufacturertdgc2-10singlephaselowdropoutvoltagere,2026-07-24
https://www.yominelectric.com/products?category=current-transformer&id=ym-1026&product=outdoor10kvjls-10five-columnoilmeteringboxtwo-elem,2026-07-24
https://www.yominelectric.com/products?category=voltage-stabilizer-regulator&id=ym-0020&product=3kvsvc-tndhighprecisesinglephaseautomaticvoltagest,2026-07-24
https://www.yominelectric.com/products?category=energy-meter&id=ym-0206&product=factorywholesalethreephasefourwireelectricitylevel,2026-07-24
https://www.yominelectric.com/products?category=fuse-protection&id=ym-0997&product=vs1-12-630afixed-handcartsidemountedandsealedzn73i,2026-07-24
https://www.yominelectric.com/products?category=terminal-connector&id=ym-0327&product=highperformancetinnedcoppercablelugsgoodcrimetypet,2026-07-24
https://www.yominelectric.com/products?category=variac-transformer&id=ym-0298&product=tdgc2-05kvaautomaticvariacsingle-phase300vvariable,2026-07-24
https://www.yominelectric.com/products?category=current-transformer&id=ym-1071,2026-07-24
https://www.yominelectric.com/products?category=current-transformer&id=ym-1058&product=factorydirectsingle-phase10kvdryfullyenclosedindoo,2026-07-24
https://www.yominelectric.com/products?category=energy-meter&id=ym-0186&product=singlephasetwowayelectromechanical220vkwhelectrice,2026-07-24
https://www.yominelectric.com/products?category=energy-meter&id=ym-0366&product=230vsingle-phasesmartelectricitymeterwithlcdenergy,2026-07-24
https://www.yominelectric.com/products?category=energy-storage-busbar&id=ym-0524&product=high-qualityenergystorageconnectorwithhigh-voltage,2026-07-24
https://www.yominelectric.com/products?category=flexible-busbar&id=ym-0646&product=customizableflatpowerinsulatedflexiblebarecopperwi,2026-07-24
https://www.yominelectric.com/products?category=voltage-stabilizer-regulator&id=ym-0006&product=servomotorcontrolsinglephaseachomestabilizervoltag,2026-07-24
https://www.yominelectric.com/products?category=current-transformer&id=ym-1027&product=jdzc-6highvoltage10kvindoorsingle-phasevoltagetran,2026-07-24
https://www.yominelectric.com/products?category=current-transformer&id=ym-0354&product=mes140-100series1600-5electricaltoroidalcurrenttra,2026-07-24
https://www.yominelectric.com/products?category=socket-wiring&id=ym-sw-wallmountedangledsocketyme002&product=wallmountedangledsocketym-e002,2026-07-24
https://www.yominelectric.com/products?category=energy-meter&id=ym-0725&product=highqualitysmartthreephasewatt-hourelectricmeter-e,2026-07-24
https://www.yominelectric.com/products?category=terminal-connector&id=ym-0195&product=professionalsupplierautomaticmetalworkingintegrati,2026-07-24
https://www.yominelectric.com/products?category=voltage-stabilizer-regulator&id=ym-0280&product=highqualitytsgc210kvathree-phasecoppervoltagestabi,2026-07-24
https://www.yominelectric.com/products?category=energy-meter&id=ym-0234&product=wholesaledigitalpowerkilowatthourenergymeterwattkw,2026-07-24
https://www.yominelectric.com/products?category=flexible-busbar&id=ym-0469&product=softconnectionofmetalstructuralpartsofirregularhyd,2026-07-24
https://www.yominelectric.com/products?category=voltage-stabilizer-regulator&id=ym-0769&product=tdgc2-2kanalogmeterdisplayvariacregulatorautomatic,2026-07-24
https://www.yominelectric.com/products?category=current-transformer&id=ym-0077&product=highprecisionmes104-80series1250-5singlephasecoppe,2026-07-24
https://www.yominelectric.com/products?category=heavy-duty-busbar&id=ym-0553&product=rhinopowerconnectorwithprotectivecoverplasticplugs,2026-07-24
https://www.yominelectric.com/products?category=fuse-protection&id=ym-1075,2026-07-24
https://www.yominelectric.com/products?category=energy-meter&id=ym-0785&product=singlephaseanalogelectric127v230vkwhenergymeterene,2026-07-24
https://www.yominelectric.com/products?category=other&id=ym-0281&product=manufacturers63adccurrentelectroniccircuitbreakers,2026-07-24
https://www.yominelectric.com/products?category=energy-meter&id=ym-0720&product=iso9001factoryyem313ahsinglephaseelectronicpowerme,2026-07-24
https://www.yominelectric.com/products?category=other&id=ym-0983&product=11kvhighvoltagesilverfuselinktypekfuselinkusedford,2026-07-24
https://www.yominelectric.com/products?category=voltage-stabilizer-regulator&id=ym-0025&product=hightechnologyautomaticthree-phasevoltageregulator,2026-07-24
https://www.yominelectric.com/products?category=energy-storage-busbar&id=ym-0484&product=high-voltagebatterypowercablepositivenegativeenerg,2026-07-24
https://www.yominelectric.com/products?category=voltage-stabilizer-regulator&id=ym-0026&product=factorywholesalesinglephaseavr15kvaautomaticregula,2026-07-24
https://www.yominelectric.com/products?category=energy-meter&id=ym-0080&product=three-phasedinrailm-busactiveandreactiveinfraredkw,2026-07-24
https://www.yominelectric.com/products?category=energy-meter&id=ym-0726&product=recommendedgoldensuppliernormaldigitalelectricity-,2026-07-24
https://www.yominelectric.com/products?category=energy-meter&id=ym-0278&product=dinrailthreephasemodbuselectricenergymeterefficien,2026-07-24
https://www.yominelectric.com/products?category=tools-hardware&id=ym-0151&product=autotransformerjbk5100vasinglephaseelectricaltrans,2026-07-24
https://www.yominelectric.com/products?category=energy-meter&id=ym-0085&product=frontboardinstalledcardprepaidsinglephaseelectrici,2026-07-24
https://www.yominelectric.com/products?category=other&id=ym-0191&product=nylonmetricthreadmgglandip68protectionlevelrohscer,2026-07-24
https://www.yominelectric.com/products?category=current-transformer&id=ym-0258&product=mes62-30seriessinglephaselowvoltagetoroidalcurrent,2026-07-24
https://www.yominelectric.com/products?category=aluminum-busbar&id=ym-0436&product=manufacturersselldccopperbuswithholestocustomizeal,2026-07-24
https://www.yominelectric.com/products?category=energy-meter&id=ym-0753&product=single-phasedinrailactiveenergymeterwithlcddisplay,2026-07-24
https://www.yominelectric.com/products?category=energy-meter&id=ym-0237&product=three-phasebakelitecovermechanicalelectricenergyme,2026-07-24
https://www.yominelectric.com/products?category=current-transformer&id=ym-0200&product=singlephasesplitcorecurrenttransformer720v50-60hza,2026-07-24
https://www.yominelectric.com/products?category=energy-meter&id=ym-0774&product=single-phasecounterdinrailenergymeterkwhwatt-hourm,2026-07-24
https://www.yominelectric.com/products?category=other&id=ym-0198&product=dinrailtimecontrolelectricswitchdigitalautomatictr,2026-07-24
https://www.yominelectric.com/products?category=current-transformer&id=ym-1072&product=jdzc-6-10single-phasecoppercastinginsulationvoltag,2026-07-24
https://www.yominelectric.com/products?category=fuse-protection&id=ym-0975,2026-07-24
https://www.yominelectric.com/products?category=energy-meter&id=ym-0703&product=hot120asinglephasesmallestdinrailelectric-electric,2026-07-24
https://www.yominelectric.com/products?category=energy-meter&id=ym-0812&product=acfrontboardsinglephasekwhmeterindooroutdoorenergy,2026-07-24
https://www.yominelectric.com/products?category=flexible-busbar&id=ym-0596&product=customizedflexiblelaminatedcopperbusbarpowerdistri,2026-07-24
https://www.yominelectric.com/products?category=energy-meter&id=ym-0099&product=factorydirectsalefastdeliveryelectricitydinrailmou,2026-07-24
https://www.yominelectric.com/products?category=voltage-stabilizer-regulator&id=ym-0414&product=manufacturertdgc2-1singlephasevoltageregulatorvari,2026-07-24
https://www.yominelectric.com/products?category=current-transformer&id=ym-1081&product=customizedsizehighprecisezero-sequenceinstrumenttr,2026-07-24
https://www.yominelectric.com/products?category=other&id=ym-0071&product=manufacturertcstepupanddown110-120-220-230-240vtct,2026-07-24
https://www.yominelectric.com/products?category=other&id=ym-0301&product=63aelectroniccircuitbreakershipswitchpcmaterialpow,2026-07-24
https://www.yominelectric.com/products?category=voltage-stabilizer-regulator&id=ym-0075&product=tsgc2-40kvathree-phasecontact-typecopperaccurrent0,2026-07-24
https://www.yominelectric.com/products?category=terminal-connector&id=ym-0192&product=highqualitycustomizedprecisionmultiwireporousinsta,2026-07-24
https://www.yominelectric.com/products?category=aluminum-busbar&id=ym-0546&product=highqualitycustomizablealuminumelectricalconnector,2026-07-24
https://www.yominelectric.com/products?category=flexible-busbar&id=ym-0576&product=highqualitycustomizedautoelectricalinsulatedsoftco,2026-07-24
https://www.yominelectric.com/products?category=variac-transformer&id=ym-0346&product=manufacturertdgc2singlephasevoltslideregulatorauto,2026-07-24
https://www.yominelectric.com/products?category=current-transformer&id=ym-0117&product=mr-85series5000-5asinglephasectclass05-10lowvoltag,2026-07-24
https://www.yominelectric.com/products?category=energy-meter&id=ym-0782&product=rail-mountedelectronicsinglephaselcddisplaytranspa,2026-07-24
https://www.yominelectric.com/products?category=flexible-busbar&id=ym-0538&product=highqualityflexibleinsulatedcopperbusbarconnectors,2026-07-24
https://www.yominelectric.com/products?category=flexible-busbar&id=ym-0622,2026-07-24
https://www.yominelectric.com/products?category=terminal-connector&id=ym-0304&product=highqualitycrimptypeterminallugsbrasscablelugswith,2026-07-24
https://www.yominelectric.com/products?category=energy-meter&id=ym-0804&product=powermonitoringelectricitydinrailmountingenergymet,2026-07-24
https://www.yominelectric.com/products?category=flexible-busbar&id=ym-0466&product=newlithiumbatteryconnectorrenewableenergyisusedfor,2026-07-24
https://www.yominelectric.com/products?category=fuse-protection&id=ym-0959&product=factorydirectsalesanti-accidentaltouchknifeswitchi,2026-07-24
https://www.yominelectric.com/products?category=current-transformer&id=ym-0987&product=lzzbj71-35typehighvoltagecurrenttransformer35kvpil,2026-07-24
https://www.yominelectric.com/products?category=energy-meter&id=ym-0060&product=analogonlyfrontboardinstalledpccoveractiveelectric,2026-07-24
https://www.yominelectric.com/products?category=energy-meter&id=ym-0395&product=single-phasedigitalelectronicwatt-hourkwhmeterlcdd,2026-07-24
https://www.yominelectric.com/products?category=energy-storage-busbar&id=ym-0467&product=highqualitylifepo4batteryflexiblecopperbusenergyst,2026-07-24
https://www.yominelectric.com/products?category=flexible-busbar&id=ym-0541&product=abrasionandcorrosionprotectedrtcb-rtcbhltinnedcopp,2026-07-24
https://www.yominelectric.com/products?category=voltage-stabilizer-regulator&id=ym-0022&product=customized5000vaservomotortypesinglephaseacautomat,2026-07-24
https://www.yominelectric.com/products?category=variac-transformer&id=ym-0379&product=singlephasesmallmanualvariaccontrol300v,2026-07-24
https://www.yominelectric.com/products?category=energy-meter&id=ym-0105&product=iso9001factorylcddisplaysinglephaseelectronicenerg,2026-07-24
https://www.yominelectric.com/products?category=energy-meter&id=ym-0694&product=singlephaseanalogdinrailhomekwhelectricenergypower,2026-07-24
https://www.yominelectric.com/products?category=voltage-stabilizer-regulator&id=ym-0890&product=currentinstrumentusage3kva5kva10kva50hz-60hzelectr,2026-07-24
https://www.yominelectric.com/products?category=flexible-busbar&id=ym-0534&product=highqualitycopperaluminiuminjectionmouldedmetalstr,2026-07-24
https://www.yominelectric.com/products?category=flexible-busbar&id=ym-0666&product=efficientinstallationintegratedinsulatedmotorbusba,2026-07-24
https://www.yominelectric.com/products?category=flexible-busbar&id=ym-0498&product=insulatingpowerdistributionequipmentfornewenergyve,2026-07-24
https://www.yominelectric.com/products?category=fuse-protection&id=ym-1096&product=vs1-12indoorhighvoltagethreephase12kvstainlessstee,2026-07-24
https://www.yominelectric.com/products?category=energy-meter&id=ym-0377&product=16awifismarttimerenergymetercesmarthomeelectricalm,2026-07-24
https://www.yominelectric.com/products?category=flexible-busbar&id=ym-0615&product=highconductivitycustomizedcopperbusbarsoftconnecti,2026-07-24
https://www.yominelectric.com/products?category=solar-pv-products&id=ym-0697&product=waterproofpvdcisolationswitchl2series1000v32ampiso,2026-07-24
https://www.yominelectric.com/products?category=flexible-busbar&id=ym-0518&product=customizablecopperflexiblebusbarconnectorsforinsul,2026-07-24
https://www.yominelectric.com/products?category=energy-storage-busbar&id=ym-0451&product=stackableconnectors50a60a70a310pinsforessstoragemo,2026-07-24
https://www.yominelectric.com/products?category=energy-meter&id=ym-0158&product=instockfastdeliveryanalogonlyelectricitysmarthomeu,2026-07-24
https://www.yominelectric.com/products?category=energy-meter&id=ym-0344&product=newtypethreephasedinraildigitalelectricsmartpowere,2026-07-24
https://www.yominelectric.com/products?category=energy-meter&id=ym-0236,2026-07-24
https://www.yominelectric.com/products?category=fuse-protection&id=ym-1012&product=outdoor-high-voltage-vacuum-circuit-breaker-10kv-column-with-isolation-manual-st,2026-07-24
https://www.yominelectric.com/products?category=other&id=ym-0149&product=manufacturersinglephase450va230v36velectrictoroida,2026-07-24
https://www.yominelectric.com/products?category=voltage-stabilizer-regulator&id=ym-0132&product=manufacturertsgc2-15threephasevoltageregulatorvari,2026-07-24
https://www.yominelectric.com/products?category=voltage-stabilizer-regulator&id=ym-0735&product=manufacturer0-430vout12avoltageregulatorvariacvari,2026-07-24
https://www.yominelectric.com/products?category=flexible-busbar&id=ym-0478&product=customizedtinnednickelaluminumcopperbusbarsforpowe,2026-07-24
https://www.yominelectric.com/products?category=socket-wiring&id=ym-sw-wallmountedangledsocketymg001-1&product=wallmountedangledsocketym-g001,2026-07-24
https://www.yominelectric.com/products?category=flexible-busbar&id=ym-0494&product=coppersolidcoppersoftbusdistributionequipmentforbu,2026-07-24
https://www.yominelectric.com/products?category=voltage-stabilizer-regulator&id=ym-0848&product=singlephase2kvaac220vinputmanualdigitallabelprinti,2026-07-24
https://www.yominelectric.com/products?category=current-transformer&id=ym-0779&product=msqseriesindustrialmetering110voutput05classaccura,2026-07-24
https://www.yominelectric.com/products?category=energy-meter&id=ym-0234&product=highqualityd86analogthree-phasemechanicalmeter3-ph,2026-07-24
https://www.yominelectric.com/products?category=energy-meter&id=ym-0742&product=yem313dsfactorysinglephasedigitalelectronicwatthou,2026-07-24
https://www.yominelectric.com/products?category=voltage-stabilizer-regulator&id=ym-0004&product=miniacsinglephase1000w1pricestabilizerledlowpowers,2026-07-24
https://www.yominelectric.com/products?category=variac-transformer&id=ym-0990&product=35kvdrycombinedtransformerjlszv-35outdoorthree-pha,2026-07-24
https://www.yominelectric.com/products?category=energy-meter&id=ym-0211&product=singlephaseelectricpowersmartanalogdigitaldinrailk,2026-07-24
https://www.yominelectric.com/products?category=voltage-protector&id=ym-0287&product=highqualitydcsinglephasevoltageprotectoradjustable,2026-07-24
https://www.yominelectric.com/products?category=energy-meter&id=ym-0309&product=singledigitalstsenergymetersinglephaseprepaidelect,2026-07-24
https://www.yominelectric.com/products?category=variac-transformer&id=ym-0356&product=manufacturervariablelaboratoryautotransformervaria,2026-07-24
https://www.yominelectric.com/products?category=voltage-stabilizer-regulator&id=ym-0904&product=05kva1kva2kva3kva5kva10kva15kva20kvaautotransforme,2026-07-24
https://www.yominelectric.com/products?category=energy-meter&id=ym-0159&product=factorywholesaleinstockdinrail7pelectricthreephase,2026-07-24
https://www.yominelectric.com/products?category=terminal-connector&id=ym-0215&product=brass-plastic-pcmaterialterminalblockconnectorhigh,2026-07-24
https://www.yominelectric.com/products?category=fuse-protection&id=ym-0955&product=bp32series100a250a400a630anegativepoleisolatingswi,2026-07-24
https://www.yominelectric.com/products?category=voltage-protector&id=ym-0919&product=digitaldisplayself-resettingover-undervoltageprote,2026-07-24
https://www.yominelectric.com/products?category=flexible-busbar&id=ym-0433&product=lithiumlifepo4batterynickel-platedflexiblecopperbu,2026-07-24
https://www.yominelectric.com/products?category=energy-meter&id=ym-0911&product=high-precisionanalogsmartmetersinglephasesplitkeyp,2026-07-24
https://www.yominelectric.com/products?category=variac-transformer&id=ym-1025&product=jlszv-10outdoordrycombinedtransformerhighvoltage10,2026-07-24
https://www.yominelectric.com/products?category=current-transformer&id=ym-1088&product=lmzk-1010kvhighvoltageopencurrentringnetworkinflat,2026-07-24
https://www.yominelectric.com/products?category=flexible-busbar&id=ym-0482,2026-07-24
https://www.yominelectric.com/products?category=current-transformer&id=ym-1064&product=lzzbj6-10indoorsingle-phaseepoxyresincastingcurren,2026-07-24
https://www.yominelectric.com/products?category=energy-meter&id=ym-0307&product=ddsy666singlephaseprepaidelectricitymeterwithsimca,2026-07-24
https://www.yominelectric.com/products?category=socket-wiring&id=ym-sw-wallmountedangledsocketyme007&product=wallmountedangledsocketym-e007,2026-07-24
https://www.yominelectric.com/products?category=voltage-stabilizer-regulator&id=ym-0116&product=variac2kvacontact-regulatorpowertransformer220v3kw,2026-07-24
https://www.yominelectric.com/products?category=voltage-stabilizer-regulator&id=ym-0868&product=manufacturertdgc2singlephaseac220v250voutputvariab,2026-07-24
https://www.yominelectric.com/products?category=flexible-busbar&id=ym-0459&product=customizableflexibleflatcopperbusbarinsulatedpower,2026-07-24
https://www.yominelectric.com/products?category=aluminum-busbar&id=ym-0488&product=customizablealuminumbusbarsforpowerdistributionequ,2026-07-24
https://www.yominelectric.com/products?category=fuse-protection&id=ym-0330&product=pvfuseseriesboxknife-shapecontactfgserieshigh-lowb,2026-07-24
https://www.yominelectric.com/products?category=terminal-connector&id=ym-0939&product=manufacturer18finsulatedpiercingclampcablebranchcr,2026-07-24
https://www.yominelectric.com/products?category=energy-meter&id=ym-0716&product=dinrailthreephaseanalogenergymeterwithpulseoutput,2026-07-24
https://www.yominelectric.com/products?category=flexible-busbar&id=ym-0561&product=hightensilestrengthnickelplatedflexiblelaminatedco,2026-07-24
https://www.yominelectric.com/products?category=voltage-stabilizer-regulator&id=ym-0881&product=manufacturertdgc2-050-250vout2avoltageregulatorvar,2026-07-24
https://www.yominelectric.com/products?category=current-transformer&id=ym-0855&product=ctlowvoltage25-5aclass05singlephasecurrenttransfor,2026-07-24
https://www.yominelectric.com/products?category=other&id=ym-0123&product=high-interruptingcapacityintelligentuniversalcircu,2026-07-24
https://www.yominelectric.com/products?category=current-transformer&id=ym-0417&product=6000-5aclass10currenttransformer,2026-07-24
https://www.yominelectric.com/products?category=energy-meter&id=ym-0898&product=singlephase220velectronicprepaymentkwhmeterlcddisp,2026-07-24
https://www.yominelectric.com/products?category=energy-meter&id=ym-0161&product=single-phase4pwirelesskilowatt-hourmeternewconditi,2026-07-24
https://www.yominelectric.com/products?category=emergency-lighting&id=ym-el-2004&product=emergencypowersupplycabinet,2026-07-24
https://www.yominelectric.com/products?category=aluminum-busbar&id=ym-0441&product=batterybusbar,2026-07-24
https://www.yominelectric.com/products?category=aluminum-busbar&id=ym-0619&product=customizednickelplatedsoftconnectioncopperaluminum,2026-07-24
https://www.yominelectric.com/products?category=energy-meter&id=ym-0068&product=customizeddesignsinglephaseelectricitymeterworking,2026-07-24
https://www.yominelectric.com/products?category=voltage-protector&id=ym-0348&product=digitalvoltageprotectorhomevoltageprotectorelectri,2026-07-24
https://www.yominelectric.com/products?category=energy-meter&id=ym-0347&product=goodpriceyem313single-phasedigitaldisplayelectrici,2026-07-24
https://www.yominelectric.com/products?category=flexible-busbar&id=ym-0472&product=custompvcinsulatedcopperbatterybusbarfornewsolarsy,2026-07-24
https://www.yominelectric.com/products?category=flexible-busbar&id=ym-0590&product=customcopperbusbarcolorfulinsulatedpowerdistributi,2026-07-24
https://www.yominelectric.com/products?category=energy-meter&id=ym-0809&product=hotsaleyem015type230vsinglephaseelectricenergypowe,2026-07-24
https://www.yominelectric.com/products?category=flexible-busbar&id=ym-0589&product=highqualitycustomizablecopperbusbarflexibleconnect,2026-07-24
https://www.yominelectric.com/products?category=terminal-connector&id=ym-0175&product=durablehigh-strengthaluminiumthree-conductorscrewt,2026-07-24
https://www.yominelectric.com/products?category=energy-meter&id=ym-0910&product=multi-specificationprepaidiccard3phaseclass1electr,2026-07-24
https://www.yominelectric.com/products?category=composite-laminated-busbar&id=ym-0628&product=highqualitycopperandaluminiumcompositelaminatedbus,2026-07-24
https://www.yominelectric.com/products?category=socket-wiring&id=ym-sw-industrialwaterproofsocketboxym016&product=industrialwaterproofsocketboxym-016,2026-07-24
https://www.yominelectric.com/products?category=variac-transformer&id=ym-1052&product=jls-10typehighpower10kvthree-elementthree-phasefou,2026-07-24
https://www.yominelectric.com/products?category=flexible-busbar&id=ym-0606&product=highqualitycustomizablecopperbusbarflexiblepowerdi,2026-07-24
https://www.yominelectric.com/products?category=variac-transformer&id=ym-0989&product=jlszw-35kvcurrentandvoltagedrycombinedtransformert,2026-07-24
https://www.yominelectric.com/products?category=current-transformer&id=ym-1077&product=jdzxw-35rhighqualitythree-phasefullyenclosedpowerv,2026-07-24
https://www.yominelectric.com/products?category=flexible-busbar&id=ym-0578&product=highcurrentdensityhighinsulationvaluehalogen-freei,2026-07-24
https://www.yominelectric.com/products?category=flexible-busbar&id=ym-0600&product=insulateddippedplasticcopperflexibleconnectorsforp,2026-07-24
https://www.yominelectric.com/products?category=flexible-busbar&id=ym-0656&product=customizedtinnednickelaluminumcopperbusbarsforbatt,2026-07-24
https://www.yominelectric.com/products?category=aluminum-busbar&id=ym-0435&product=high-qualityinsulatedaluminumbusenergystoragebatte,2026-07-24
https://www.yominelectric.com/products?category=current-transformer&id=ym-0917&product=singlephase50-60hz50turns250-5a720vacclass05electr,2026-07-24
https://www.yominelectric.com/products?category=flexible-busbar&id=ym-0686&product=lightningprotectionandearthinggroundingcopperwireg,2026-07-24
https://www.yominelectric.com/products?category=current-transformer&id=ym-1017&product=outdoorhighvoltageresidualopen-closedtypeac-dccurr,2026-07-24
https://www.yominelectric.com/products?category=socket-wiring&id=ym-sw-portablesocketboxymax805&product=portablesocketboxymax-805,2026-07-24
https://www.yominelectric.com/products?category=flexible-busbar&id=ym-0536&product=flexiblenickel-platedcopperbraidedstrapbusbarvario,2026-07-24
https://www.yominelectric.com/products?category=energy-meter&id=ym-0229&product=newsingle-phasedin-rail2pmodbuselectricpowermeterl,2026-07-24
https://www.yominelectric.com/products?category=other&id=ym-0140&product=ymst-2factory2000vastephighpowerfrequencysinglepha,2026-07-24
https://www.yominelectric.com/products?category=voltage-stabilizer-regulator&id=ym-0133&product=threephasemanualcontactmanufacturertsgc2-1010kvain,2026-07-24
https://www.yominelectric.com/products?category=energy-meter&id=ym-0808&product=powermonitoringlcdtransparentcoverandbacklightrail,2026-07-24
https://www.yominelectric.com/products?category=current-transformer&id=ym-1001&product=factorydirectsalesofnewgenuinequalitydry-typepilla,2026-07-24
https://www.yominelectric.com/products?category=other&id=ym-0786&product=softandcomfortablegardenkneepadwaterproofworkkneep,2026-07-24
https://www.yominelectric.com/products?category=composite-laminated-busbar&id=ym-0629&product=customizedcopperandaluminumlaminatedbusbarconnecto,2026-07-24
https://www.yominelectric.com/products?category=current-transformer&id=ym-1002&product=customizedthreephasehighvoltagepotentialtransforme,2026-07-24
https://www.yominelectric.com/products?category=fuse-protection&id=ym-0746&product=1501bakelite60-80a1pnhigh-breakingcapacityhouseser,2026-07-24
https://www.yominelectric.com/products?category=energy-meter&id=ym-0852&product=220vsinglephasewattkwhwattmetermonitordigitalkilow,2026-07-24
https://www.yominelectric.com/products?category=variac-transformer&id=ym-0338&product=tdgc220kvavoltageregulator220vvariac80ampbestvaria,2026-07-24
https://www.yominelectric.com/products?category=flexible-busbar&id=ym-0525&product=insulatingsleevecopperconnectorbusbarfornewenergyc,2026-07-24
https://www.yominelectric.com/products?category=flexible-busbar&id=ym-0593&product=customizedflexiblelaminatedcopperbusbarbychinasupp,2026-07-24
https://www.yominelectric.com/products?category=terminal-connector&id=ym-0332&product=600vto35kvawgbatterytubularcablelugbell-endalumini,2026-07-24
https://www.yominelectric.com/products?category=energy-meter&id=ym-0856&product=singlephasemsq-30-75-575-5aclass10ctenergymetercur,2026-07-24
https://www.yominelectric.com/products?category=busbar-protection&id=ym-0462&product=customizedsizeprotectivepeppbptpcsheathenergystora,2026-07-24
https://www.yominelectric.com/products?category=current-transformer&id=ym-0073&product=720vac2000-5aclass05splitcoresinglephasecurrenttra,2026-07-24
https://www.yominelectric.com/products?category=terminal-connector&id=ym-0222&product=dlseries120mmaluminumcableterminallugsterminalsfor,2026-07-24
https://www.yominelectric.com/products?category=current-transformer&id=ym-1071&product=singlephasehighvoltagecurrenttransformer10kvcopper,2026-07-24
https://www.yominelectric.com/products?category=socket-wiring&id=ym-sw-industrialwaterproofsocketboxym017&product=industrialwaterproofsocketboxym-017,2026-07-24
https://www.yominelectric.com/products?category=energy-meter&id=ym-0265&product=singlephase127v-230v530aactivekwhmeterwithpulseout,2026-07-24
https://www.yominelectric.com/products?category=fuse-protection&id=ym-0974&product=stable-performance-and-long-life-zn63vs1-series-three-phase-indoor-type-high-vol,2026-07-24
https://www.yominelectric.com/products?category=energy-meter&id=ym-0088&product=high-quality-safety-220v-electricity-smart-kwh-meter-single-phase-energy-meter,2026-07-24
https://www.yominelectric.com/products?category=aluminum-busbar&id=ym-0492&product=high-qualitycustomizableinsulatedflexiblealuminumb,2026-07-24
https://www.yominelectric.com/products?category=variac-transformer&id=ym-0201&product=currentinstrumentusagesuperior10kva50hz-60hzelectr,2026-07-24
https://www.yominelectric.com/products?category=flexible-busbar&id=ym-0473&product=flexiblecopperflexiblebusconnectorspecialforbatter,2026-07-24
https://www.yominelectric.com/products?category=voltage-stabilizer-regulator&id=ym-0351&product=manufacturerymsvc-15singlephaseservomotorstabilize,2026-07-24
https://www.yominelectric.com/products?category=variac-transformer&id=ym-1025,2026-07-24
https://www.yominelectric.com/products?category=energy-meter&id=ym-0363&product=yem321digitaldisplaylcdelectricitymeterenergymeter,2026-07-24
https://www.yominelectric.com/products?category=socket-wiring&id=ym-sw-wallmountedangledsocketymg002&product=wallmountedangledsocketym-g002,2026-07-24
https://www.yominelectric.com/products?category=energy-meter&id=ym-0784&product=real-timeconsumptionanalyticspowermonitoringelectr,2026-07-24
https://www.yominelectric.com/products?category=energy-meter&id=ym-0245&product=factoryssmallestsinglephaseactivenetmeteringenergy,2026-07-24
https://www.yominelectric.com/products?category=energy-meter&id=ym-0915&product=factorysinglephase230v30ahouseholdelectronicdinrai,2026-07-24
https://www.yominelectric.com/products?category=energy-meter&id=ym-0232&product=102ceapprovedmultifunctionalthree-phaseenergymeter,2026-07-24
https://www.yominelectric.com/products?category=current-transformer&id=ym-1049&product=latestjdz8-10rfusevoltagetransformerbrowncolorsing,2026-07-24
https://www.yominelectric.com/products?category=current-transformer&id=ym-0396&product=25-5aclass05currenttransformerlv,2026-07-24
https://www.yominelectric.com/products?category=energy-meter&id=ym-0858&product=single-phaseenergyefficientdinrailkwhwatt-hourmete,2026-07-24
https://www.yominelectric.com/products?category=terminal-connector&id=ym-0940&product=sourcemanufacturerinsulatedpiercingclampcablefreew,2026-07-24
https://www.yominelectric.com/products?category=current-transformer&id=ym-0120&product=electricitymonitoringmsq-85typesinglephasecurrentt,2026-07-24
https://www.yominelectric.com/products?category=variac-transformer&id=ym-0334&product=tdgc2-1singlephasevariac,2026-07-24
https://www.yominelectric.com/products?category=current-transformer&id=ym-0410&product=1250-5aclass05splitcorecurrenttransformer,2026-07-24
https://www.yominelectric.com/products?category=current-transformer&id=ym-0982&product=outdoorhigh-voltagecurrenttransformerlzw32-10vacuu,2026-07-24
https://www.yominelectric.com/products?category=variac-transformer&id=ym-0979&product=electricelectricitydistributiontransformer100kvath,2026-07-24
https://www.yominelectric.com/products?category=socket-wiring&id=ym-0141&product=wifismartsocketwaterproofsmarthomesocketsmartlifei,2026-07-24
https://www.yominelectric.com/products?category=other&id=ym-1019&product=hotsaleshvdofcseriesoutdoorhighvoltagedistribution,2026-07-24
https://www.yominelectric.com/products?category=current-transformer&id=ym-0358&product=manufacturermsq-30b-20-5casingtypecurrenttransform,2026-07-24
https://www.yominelectric.com/products?category=flexible-busbar&id=ym-0457&product=copperbusbarforelectricvehicleswithinsulatedandcus,2026-07-24
https://www.yominelectric.com/products?category=emergency-lighting&id=ym-el-2010&product=emergencystandbypowercabinet,2026-07-24
https://www.yominelectric.com/products?category=flexible-busbar&id=ym-0508&product=high-qualitysoftconnectiondistributionequipmentfor,2026-07-24
https://www.yominelectric.com/products?category=variac-transformer&id=ym-0981,2026-07-24
https://www.yominelectric.com/products?category=aluminum-busbar&id=ym-0468&product=customizedhigh-qualityinsulatedhardbusnewenergydis,2026-07-24
https://www.yominelectric.com/products?category=flexible-busbar&id=ym-0500&product=conductiveflexibleconnectecopperbusbarforflexiblec,2026-07-24
https://www.yominelectric.com/products?category=voltage-stabilizer-regulator&id=ym-0247&product=single-phase63aoverundervoltageprotectorwithled-lc,2026-07-24
https://www.yominelectric.com/products?category=current-transformer&id=ym-0405&product=800-5aclass05currenttransformerformetering,2026-07-24
https://www.yominelectric.com/products?category=energy-meter&id=ym-0106&product=transparentcoverbacklightrail-mounted4plcd230-400v,2026-07-24
https://www.yominelectric.com/products?category=energy-meter&id=ym-0766&product=yem313dsfactorysinglephasedigitalelectronicwatthou,2026-07-24
https://www.yominelectric.com/products?category=other&id=ym-0382&product=bigpower100aelectronicthree-phasehigh-poweractivee,2026-07-24
https://www.yominelectric.com/products?category=voltage-stabilizer-regulator&id=ym-0008&product=singlephaseavs2000microcomputercontrolacautomaticr,2026-07-24
https://www.yominelectric.com/products?category=flexible-busbar&id=ym-0616&product=copperearthstrapelectricalgroundundergroundflexibl,2026-07-24
https://www.yominelectric.com/products?category=voltage-stabilizer-regulator&id=ym-0059&product=tsgc2-30k380vinputthreephasevariactransformeracaut,2026-07-24
https://www.yominelectric.com/products?category=energy-meter&id=ym-0104&product=highqualityprecisemeasurementenergyconsumptionanal,2026-07-24
https://www.yominelectric.com/products?category=socket-wiring&id=ym-sw-industrialwaterproofsocketboxym012&product=industrialwaterproofsocketboxym-012,2026-07-24
https://www.yominelectric.com/products?category=voltage-stabilizer-regulator&id=ym-0031&product=tndsvc10kw15kva20kvacopperservomotor110v230v220v50,2026-07-24
https://www.yominelectric.com/products?category=voltage-stabilizer-regulator&id=ym-0297&product=tdgc2-5kvasinglephaseadjustablemanualtoroidalvaria,2026-07-24
https://www.yominelectric.com/products?category=energy-meter&id=ym-0783&product=high-precisionpowermonitoringdeviceceyem015modelsi,2026-07-24
https://www.yominelectric.com/products?category=current-transformer&id=ym-0285&product=manufacture110voutputcurrenttransformerformsqtypec,2026-07-24
https://www.yominelectric.com/products?category=flexible-busbar&id=ym-0447&product=newenergybatteryflexiblebuswith2holeslifepo4batter,2026-07-24
https://www.yominelectric.com/products?category=energy-storage-busbar&id=ym-0440&product=screwboltconnectorsforhigh-currentbatteryenergysto,2026-07-24
https://www.yominelectric.com/products?category=voltage-stabilizer-regulator&id=ym-0228&product=factorydirecttsgc2-15kthreephaseautomaticvariacsta,2026-07-24
https://www.yominelectric.com/products?category=energy-meter&id=ym-0094&product=instockfastdeliveryanalogonlymanufacturerssingleph,2026-07-24
https://www.yominelectric.com/products?category=fuse-protection&id=ym-0942&product=factorydirectsalesbp32serieswhiteisolatingswitch10,2026-07-24
https://www.yominelectric.com/products?category=aluminum-busbar&id=ym-0613&product=durablealuminiumbatterypackconnectioncouplingscust,2026-07-24
https://www.yominelectric.com/products?category=solar-pv-products&id=ym-0389&product=dc4p32acircuitbreakermcb2polessolarenergyphotovolt,2026-07-24
https://www.yominelectric.com/products?category=flexible-busbar&id=ym-0605&product=customizablecoppersoftconnectionsforpowerdistribut,2026-07-24
https://www.yominelectric.com/products?category=solar-pv-products&id=ym-0421&product=solarsystemdcmcb1000v1p2p3p4p10a16a63acurvedcminia,2026-07-24
https://www.yominelectric.com/products?category=voltage-stabilizer-regulator&id=ym-0204&product=tsgc2-15k15kva380vinputadjustablethreephaseacvolta,2026-07-24
https://www.yominelectric.com/products?category=current-transformer&id=ym-1053&product=lzzbj9-10aindoorhighvoltagetransformer10kvmetering,2026-07-24
https://www.yominelectric.com/products?category=energy-meter&id=ym-0775&product=msqseries200-5ahighaccuracycurrenttransformerctlow,2026-07-24
https://www.yominelectric.com/products?category=energy-storage-busbar&id=ym-0434&product=highqualitydc120-500a1500vsinglepolelithiumbattery,2026-07-24
https://www.yominelectric.com/products?category=flexible-busbar&id=ym-0549&product=customizedflexiblecopperbusbarhighvoltagegisflexib,2026-07-24
https://www.yominelectric.com/products?category=energy-meter&id=ym-0164&product=minianalogdisplaysinglephasers485communication32ac,2026-07-24
https://www.yominelectric.com/products?category=fuse-protection&id=ym-0951&product=manufacturersfusedisconnectswitchpncseriesdisconne,2026-07-24
https://www.yominelectric.com/products?category=other&id=ym-0427&product=superiorqualityintelligentuniversalcircuitbreakeru,2026-07-24
https://www.yominelectric.com/products?category=voltage-stabilizer-regulator&id=ym-0880&product=manufactureradjustable0-430vout80athree-phasevolta,2026-07-24
https://www.yominelectric.com/products?category=socket-wiring&id=ym-sw-wallmountedangledsocketyme004&product=wallmountedangledsocketym-e004,2026-07-24
https://www.yominelectric.com/products?category=energy-meter&id=ym-0078&product=intelligenthigh-precision220v560alcdsinglephasetwo,2026-07-24
https://www.yominelectric.com/products?category=aluminum-busbar&id=ym-0439&product=customizablealuminumconnectorsdirectlysoldbychines,2026-07-24
https://www.yominelectric.com/products?category=current-transformer&id=ym-0250&product=mes140-100series3000-5singlephasesplitcorecurrentt,2026-07-24
https://www.yominelectric.com/products?category=flexible-busbar&id=ym-0549,2026-07-24
https://www.yominelectric.com/products?category=variac-transformer&id=ym-0400&product=tsgc2output0to500vmotormotorizedvariac10kva,2026-07-24
https://www.yominelectric.com/products?category=flexible-busbar&id=ym-0621&product=highqualityautoelectricalbusbarcustomizedpurecoppe,2026-07-24
https://www.yominelectric.com/products?category=voltage-stabilizer-regulator&id=ym-0205&product=adjustablecontacttypetsgc29kacsvcmanualthree-phase,2026-07-24
https://www.yominelectric.com/products?category=variac-transformer&id=ym-0373&product=tsgc215kva3phase2ampvariacvariabletransformer,2026-07-24
https://www.yominelectric.com/products?category=voltage-stabilizer-regulator&id=ym-0276&product=tsgc2-60kvaautomaticvoltageregulatorthree-phaseac3,2026-07-24
https://www.yominelectric.com/products?category=voltage-stabilizer-regulator&id=ym-0883&product=jbk5-100vseries100vasingle-phaseinsulationtransfor,2026-07-24
https://www.yominelectric.com/products?category=fuse-protection&id=ym-1075&product=superiorperformancehighvoltagethermalexplodetypedi,2026-07-24
https://www.yominelectric.com/products?category=terminal-connector&id=ym-0303&product=bluecoverwaterproof80a125a160a1250a400a500amultipl,2026-07-24
https://www.yominelectric.com/products?category=current-transformer&id=ym-1021&product=professionalmanufacturers10kvtoroidalhighcurrenttr,2026-07-24
https://www.yominelectric.com/products?category=flexible-busbar&id=ym-0470&product=high-voltagepowerdistributionbusbaraluminumcopperc,2026-07-24
https://www.yominelectric.com/products?category=fuse-protection&id=ym-0962&product=factorydirectvietnam-stylent50miniaturecircuitbrea,2026-07-24
https://www.yominelectric.com/products?category=rigid-busbar&id=ym-0660&product=highqualitycustomizedrigidcopperbusbarpowerdistrib,2026-07-24
https://www.yominelectric.com/products?category=energy-meter&id=ym-0712&product=2016newtype3phase4wirekwhmeterdinrailenergymeterel,2026-07-24
https://www.yominelectric.com/products?category=other&id=ym-0212&product=electronicweekly7daysprogrammabledigitalac220v230v,2026-07-24
https://www.yominelectric.com/products?category=socket-wiring&id=ym-sw-industrialwaterproofsocketboxym015&product=industrialwaterproofsocketboxym-015,2026-07-24
https://www.yominelectric.com/products?category=composite-laminated-busbar&id=ym-0583&product=powerelectronicsystemsinverterbusbarcompositelamin,2026-07-24
https://www.yominelectric.com/products?category=energy-meter&id=ym-0067&product=singlephaseelectronickwhmeterelectromechanicalelec,2026-07-24
https://www.yominelectric.com/products?category=socket-wiring&id=ym-sw-wallmountedangledsocketyme002&product=wall-mounted-angled-socket-yme002,2026-07-24
https://www.yominelectric.com/products?category=voltage-stabilizer-regulator&id=ym-0859&product=tsgc2-20kthreephaseac380v20ainput15kvacapacity15kv,2026-07-24
https://www.yominelectric.com/products?category=fuse-protection&id=ym-0429&product=300ajtypeheavydutyfusecutoutbase-lvfuseswitchdisco,2026-07-24
https://www.yominelectric.com/products?category=voltage-stabilizer-regulator&id=ym-0879,2026-07-24
https://www.yominelectric.com/products?category=voltage-stabilizer-regulator&id=ym-0399&product=manufacturertdgc2-05singlephasevoltageregulator05k,2026-07-24
https://www.yominelectric.com/products?category=flexible-busbar&id=ym-0637&product=directsellinginnovativegreenenergyautomobilebatter,2026-07-24
https://www.yominelectric.com/products?category=terminal-connector&id=ym-0971&product=factorydirectsalespc3wireclampt-shapedwire-freecab,2026-07-24
https://www.yominelectric.com/products?category=energy-meter&id=ym-0165&product=80adinrailtypelcddisplay230voutputvoltagepowercons,2026-07-24
https://www.yominelectric.com/products?category=energy-meter&id=ym-0102&product=pctransparentcoverfrontboardinstallationanalogelec,2026-07-24
https://www.yominelectric.com/products?category=variac-transformer&id=ym-1037&product=thenewjls-10typecombinedtransformermeteringboxthre,2026-07-24
https://www.yominelectric.com/products?category=current-transformer&id=ym-0268&product=highaccuracymsq100-5a05classlowvoltageelectriccurr,2026-07-24
https://www.yominelectric.com/products?category=flexible-busbar&id=ym-0689&product=hotsellingcustomizedcopperbraidedflexibleconnector,2026-07-24
https://www.yominelectric.com/products?category=voltage-stabilizer-regulator&id=ym-0270&product=manufacturer0-430vout80athree-phasevoltageregulato,2026-07-24
https://www.yominelectric.com/products?category=current-transformer&id=ym-1030&product=wenzhouhighvoltage10kvdcaccurrenttransformerctbest,2026-07-24
https://www.yominelectric.com/products?category=flexible-busbar&id=ym-0672&product=highefficiencyautomotiveelectroniccontrolsystemsof,2026-07-24
https://www.yominelectric.com/products?category=socket-wiring&id=ym-sw-wallmountedangledsocketymg001&product=wallmountedangledsocketym-g001,2026-07-24
https://www.yominelectric.com/products?category=energy-meter&id=ym-0368&product=220vsinglephase2wireelectricmeteriotprepaidenergym,2026-07-24
https://www.yominelectric.com/products?category=socket-wiring&id=ym-sw-industrialwaterproofsocketboxym003&product=industrialwaterproofsocketboxym-003,2026-07-24
https://www.yominelectric.com/products?category=current-transformer&id=ym-0179&product=bh-066msq-066-30i150-5aaccuracyclass05lowvoltagecu,2026-07-24
https://www.yominelectric.com/products?category=fuse-protection&id=ym-1004&product=zw7-35-1250-315highvoltagevacuumcircuitbreakerzw7-,2026-07-24
https://www.yominelectric.com/products?category=flexible-busbar&id=ym-0645&product=highcurrentcopperconnector100a-400acableplugsocket,2026-07-24
https://www.yominelectric.com/products?category=aluminum-busbar&id=ym-0623&product=rigidcoppersolidflatbusbartinnedinsulatedaluminium,2026-07-24
https://www.yominelectric.com/products?category=flexible-busbar&id=ym-0432&product=lifepo4cellseve280k304ahbattery-powerdistributione,2026-07-24
https://www.yominelectric.com/products?category=energy-meter&id=ym-0772&product=single-phasedinrailkwhmeterwithenergylcdbacklightd,2026-07-24
https://www.yominelectric.com/products?category=composite-laminated-busbar&id=ym-0634&product=hotsalecustomizedcopperaluminumcompositelaminatedb,2026-07-24
https://www.yominelectric.com/products?category=current-transformer&id=ym-0269&product=mes140-100series2500-5singlephaselowvoltageelectri,2026-07-24
https://www.yominelectric.com/products?category=energy-meter&id=ym-0088&product=highqualitysafety220velectricitysmartkwhmetersingl,2026-07-24
https://www.yominelectric.com/products?category=current-transformer&id=ym-1031&product=lsy-10-107integratedthree-phasecurrenttransformerc,2026-07-24
https://www.yominelectric.com/products?category=voltage-protector&id=ym-0918&product=manufacturervap2pdualdisplayself-restoringover-vol,2026-07-24
https://www.yominelectric.com/products?category=aluminum-busbar&id=ym-0671&product=customizedfactorytinnedaluminumbusbarwithspraycoat,2026-07-24
https://www.yominelectric.com/products?category=rigid-busbar&id=ym-0669&product=customizedinsulationrigidbusbarnewenergyaluminumst,2026-07-24
https://www.yominelectric.com/products?category=energy-meter&id=ym-0771&product=single-phasesmartenergymeterwithwifiandappcontrol1,2026-07-24
https://www.yominelectric.com/products?category=voltage-stabilizer-regulator&id=ym-0014&product=1000vawallmountrelaytypeachseriescpucontrolacautom,2026-07-24
https://www.yominelectric.com/products?category=ccs-integrated-busbar&id=ym-0631&product=integratedabsbusbarforcommunicationenergystorageff,2026-07-24
https://www.yominelectric.com/products?category=energy-meter&id=ym-0283&product=singlephaseelectronicprepaymentkwhmeterlcddisplayd,2026-07-24
https://www.yominelectric.com/products?category=energy-meter&id=ym-0722&product=ptandctlcddisplaythreephasedinrailenergymeterwithf,2026-07-24
https://www.yominelectric.com/products?category=socket-wiring&id=ym-sw-industrialwaterproofsocketboxym004&product=industrialwaterproofsocketboxym-004,2026-07-24
https://www.yominelectric.com/products?category=current-transformer&id=ym-1047&product=factorydirect15kvindoordrysingle-phasejdz11-15-20g,2026-07-24
https://www.yominelectric.com/products?category=terminal-connector&id=ym-0314&product=dtl-2bimetalringtypecableterminalscopperaluminumca,2026-07-24
https://www.yominelectric.com/products?category=terminal-connector&id=ym-0217&product=electricterminalblockconnectorwithbrassscrewmadeof,2026-07-24
https://www.yominelectric.com/products?category=solar-pv-products&id=ym-0423&product=dcbreaker2p32adcmcb2p500vdcdisjuntordisyuntorsolar,2026-07-24
https://www.yominelectric.com/products?category=socket-wiring&id=ym-sw-portablesocketboxymax802&product=portablesocketboxymax-802,2026-07-24
https://www.yominelectric.com/products?category=energy-meter&id=ym-0767&product=single-phase4ptwo-wirekilowatthourmeter35mmdinrail,2026-07-24
https://www.yominelectric.com/products?category=socket-wiring&id=ym-sw-industrialwaterproofsocketboxym024&product=industrialwaterproofsocketboxym-024,2026-07-24
https://www.yominelectric.com/products?category=voltage-stabilizer-regulator&id=ym-0127&product=tdgc2-33kva10kva230vnominalvoltage220v50hzsvcuseac,2026-07-24
https://www.yominelectric.com/products?category=energy-meter&id=ym-0286&product=single-phaseminidigitalkwhelectricmeterdinrailpowe,2026-07-24
https://www.yominelectric.com/products?category=current-transformer&id=ym-0992&product=newgenuinequalityassurancesemi-enclosedclawtypeind,2026-07-24
https://www.yominelectric.com/products?category=voltage-stabilizer-regulator&id=ym-0024&product=high-quality1600vapptseriesautomatic220vintelligen,2026-07-24
https://www.yominelectric.com/products?category=current-transformer&id=ym-1062&product=jdz18-10rpowertransformerin-housefullyenclosedpour,2026-07-24
https://www.yominelectric.com/products?category=energy-meter&id=ym-0087&product=200vsinglephasedinrailkwhfrequencypowermeterkwhpow,2026-07-24
https://www.yominelectric.com/products?category=current-transformer&id=ym-1055&product=jlszv-10three-phasedrytypeinstrumenttransformer10k,2026-07-24
https://www.yominelectric.com/products?category=current-transformer&id=ym-0709&product=1600-5aclass05currenttransformerformeasuring,2026-07-24
https://www.yominelectric.com/products?category=other&id=ym-0061&product=ep12dtypeenergymechanicalsingle-phasetwowiredigita,2026-07-24
https://www.yominelectric.com/products?category=variac-transformer&id=ym-0394&product=manufacturertsgc2-1010kvainput380vvariac,2026-07-24
https://www.yominelectric.com/products?category=energy-meter&id=ym-0755&product=dinrailhigh-precisionandhigh-qualitysingle-phasedi,2026-07-24
https://www.yominelectric.com/products?category=voltage-stabilizer-regulator&id=ym-0391&product=manufacturerofymsvc-5singlephaseservomotorstabiliz,2026-07-24
https://www.yominelectric.com/products?category=fuse-protection&id=ym-1098&product=10kvoutdoorhighvoltagethreephasestainlesssteelspri,2026-07-24
https://www.yominelectric.com/products?category=socket-wiring&id=ym-sw-industrialwaterproofsocketboxym020&product=industrialwaterproofsocketboxym-020,2026-07-24
https://www.yominelectric.com/products?category=socket-wiring&id=ym-sw-wallmountedangledsocketyme001&product=wallmountedangledsocketym-e001,2026-07-24
https://www.yominelectric.com/products?category=flexible-busbar&id=ym-0516&product=insulatingsoftcopperbussplittersoftcopperbusconnec,2026-07-24
https://www.yominelectric.com/products?category=current-transformer&id=ym-0407&product=manufacturerdp-812-1500-5splitcorecurrenttransform,2026-07-24
https://www.yominelectric.com/products?category=energy-meter&id=ym-0208&product=analogkwhcounter230v100amaxdinrailmountableoutputv,2026-07-24
https://www.yominelectric.com/products?category=energy-meter&id=ym-0740&product=1psinglephase230vdinrailenergymonitordigi30alcdwat,2026-07-24
https://www.yominelectric.com/products?category=flexible-busbar&id=ym-0668&product=rhinohigh-powercampowerconnectorr-loksinglecontact,2026-07-24
https://www.yominelectric.com/products?category=energy-meter&id=ym-0342&product=bestsellingsinglephasethreewireelectronicsocketene,2026-07-24
https://www.yominelectric.com/products?category=flexible-busbar&id=ym-0567&product=copperpbconnectorsforflatbraidedtapemakeyourownbra,2026-07-24
https://www.yominelectric.com/products?category=flexible-busbar&id=ym-0514&product=chinamanufacturerssellcustomizableflexiblelaminate,2026-07-24
https://www.yominelectric.com/products?category=energy-meter&id=ym-0909&product=powermonitoringequipmentmsq-60powermetertransforme,2026-07-24
https://www.yominelectric.com/products?category=variac-transformer&id=ym-1048&product=jlszw-10highpressuredrymeteringboxthree-phasetrans,2026-07-24
https://www.yominelectric.com/products?category=flexible-busbar&id=ym-0622&product=wholesalecustomizedhighcurrentelectrolyticalstrips,2026-07-24
https://www.yominelectric.com/products?category=current-transformer&id=ym-1020&product=wenzhoulzzb6-10highvoltagecurrenttransformer10kvth,2026-07-24
https://www.yominelectric.com/products?category=energy-meter&id=ym-0803&product=fastdeliverypowerdistributionthreephasefourwireele,2026-07-24
https://www.yominelectric.com/products?category=energy-meter&id=ym-0084&product=wholesale-electricity-meter-reading-tampering-digital-only-single-phase-smart-en,2026-07-24
https://www.yominelectric.com/products?category=aluminum-busbar&id=ym-0531&product=customizablealuminumbusbarconnectorforinsulatedsof,2026-07-24
https://www.yominelectric.com/products?category=fuse-protection&id=ym-0976&product=200kastainlesssteellightningrodlightningarresterli,2026-07-24
https://www.yominelectric.com/products?category=energy-meter&id=ym-0101&product=newtypelcddisplayandpulseoutputactiveelectricsingl,2026-07-24
https://www.yominelectric.com/products?category=other&id=ym-0384&product=dts666wall-mountedthreephasefourwirelcddisplaypowe,2026-07-24
https://www.yominelectric.com/products?category=other&id=ym-0367&product=dtsy666threephasefourwiresmartstsprepaidenergymete,2026-07-24
https://www.yominelectric.com/products?category=energy-meter&id=ym-0167&product=homeusesinglephasedinrailelectricpowersmartanalogk,2026-07-24
https://www.yominelectric.com/products?category=current-transformer&id=ym-1067&product=lxk-120openzerosequencecurrenttransformerlj-200ope,2026-07-24
https://www.yominelectric.com/products?category=voltage-stabilizer-regulator&id=ym-0727&product=manufacturertdgc2-3singlephasevoltagevariac220vele,2026-07-24
https://www.yominelectric.com/products?category=current-transformer&id=ym-0082&product=singlephasedp-816-1000-5aclass05splitcore720vaccur,2026-07-24
https://www.yominelectric.com/products?category=terminal-connector&id=ym-0931&product=factorydirectinsulatedsplicewireclampinsulatedwedg,2026-07-24
https://www.yominelectric.com/products?category=energy-meter&id=ym-0717&product=yominwifismartenergymeterthreephasesmartelectricit,2026-07-24
https://www.yominelectric.com/products?category=voltage-stabilizer-regulator&id=ym-0005&product=3svcsinglephaseelectricpowerautomaticdualscreen10k,2026-07-24
https://www.yominelectric.com/products?category=energy-meter&id=ym-0793&product=high-accuracyactiveenergymeteringmeasurementsingle,2026-07-24
https://www.yominelectric.com/products?category=fuse-protection&id=ym-1011&product=10kvhighvoltageindoorvacuumcircuitbreakervs1-12-63,2026-07-24
https://www.yominelectric.com/products?category=energy-meter&id=ym-0235&product=three-phaseprepaidkwhmeterwithinstalledfrontboardf,2026-07-24
https://www.yominelectric.com/products?category=energy-meter&id=ym-0719&product=101newtypers485modbus3phasestsgprselectrickwhmeter,2026-07-24
https://www.yominelectric.com/products?category=current-transformer&id=ym-0262&product=highprecisionsingle-phasectcurrenttransformerzeros,2026-07-24
https://www.yominelectric.com/products?category=aluminum-busbar&id=ym-0544&product=highqualitycustomizedflexiblealuminiumbusbarsoftco,2026-07-24
https://www.yominelectric.com/products?category=energy-meter&id=ym-0718&product=newrs485threephasemultifunctionlcdpowerenergymeter,2026-07-24
https://www.yominelectric.com/products?category=aluminum-busbar&id=ym-0648&product=customizedhigh-efficiencyaluminiumbusbarconnection,2026-07-24
https://www.yominelectric.com/products?category=socket-wiring&id=ym-sw-industrialwaterproofsocketboxym021&product=industrialwaterproofsocketboxym-021,2026-07-24
https://www.yominelectric.com/products?category=fuse-protection&id=ym-0952&product=factorydirectsalesfusedisconnectswitchpnc250aanti-,2026-07-24
https://www.yominelectric.com/products?category=flexible-busbar&id=ym-0690&product=directfactorycopperstrandedwirebraid10mmpvcinsulat,2026-07-24
https://www.yominelectric.com/products?category=socket-wiring&id=ym-sw-industrialwaterproofsocketboxym005&product=industrialwaterproofsocketboxym-005,2026-07-24
https://www.yominelectric.com/products?category=flexible-busbar&id=ym-0523&product=customhighvoltagewiringharnessfornewenergyev120a-2,2026-07-24
https://www.yominelectric.com/products?category=flexible-busbar&id=ym-0445&product=customizednewenergybatterysoftcoppersoftbusflatins,2026-07-24
https://www.yominelectric.com/products?category=flexible-busbar&id=ym-0562&product=aluminumhardinsulatedbusbarwithexposysprayingcoppe,2026-07-24
https://www.yominelectric.com/products?category=energy-meter&id=ym-0721&product=iso9001factoryyem313singlephaseelectricityactiveen,2026-07-24
https://www.yominelectric.com/products?category=energy-meter&id=ym-0794&product=powermonitoringsinglephaseacelectricitymetermaterm,2026-07-24
https://www.yominelectric.com/products?category=voltage-stabilizer-regulator&id=ym-0339&product=tdgc25kvavoltageregulatorsinglephase20amp220voltva,2026-07-24
https://www.yominelectric.com/products?category=solar-pv-products&id=ym-0130&product=fastdeliverydcbreaker63a80a100a125a500v1000vdcphot,2026-07-24
https://www.yominelectric.com/products?category=current-transformer&id=ym-0996&product=lzzbj71-3535kvoutdoordrycurrenttransformerfactorys,2026-07-24
https://www.yominelectric.com/products?category=flexible-busbar&id=ym-0580&product=lifepo4batteryflexiblebusbarbduinternalconnectionf,2026-07-24
https://www.yominelectric.com/products?category=emergency-lighting&id=ym-el-2011&product=floor-standingemergencyepscabinet,2026-07-24
https://www.yominelectric.com/products?category=emergency-lighting&id=ym-el-2006&product=wall-mountedemergencypowersupply,2026-07-24
https://www.yominelectric.com/products?category=composite-laminated-busbar&id=ym-0638&product=copperandaluminiumcompositelaminatedbusbarpowerqua,2026-07-24
https://www.yominelectric.com/products?category=current-transformer&id=ym-1022&product=outdoorsingle-phase3kv6kv10kvvoltagetransformercas,2026-07-24
https://www.yominelectric.com/products?category=current-transformer&id=ym-0415&product=goodquality1200-5aclass05splitcorecurrenttransform,2026-07-24
https://www.yominelectric.com/products?category=energy-meter&id=ym-0749&product=singlephasedigitalelectronicprepaidwatthourmeterwi,2026-07-24
https://www.yominelectric.com/products?category=energy-meter&id=ym-0800&product=high-precisionsmartprepaidiccard3phaseelectricitym,2026-07-24
https://www.yominelectric.com/products?category=terminal-connector&id=ym-0224&product=dtlseriesringtypeelectricalcoppercablelugconnectin,2026-07-24
https://www.yominelectric.com/products?category=terminal-connector&id=ym-0178&product=ta-250250mcm-6aluminiummechanicallugsscrewterminal,2026-07-24
https://www.yominelectric.com/products?category=energy-meter&id=ym-0723&product=yem021jcwholesalepricefactory3phaselcddisplaykwhme,2026-07-24
https://www.yominelectric.com/products?category=energy-meter&id=ym-0761&product=yem015sjsingle-phasedigitalelectroniclcdkwhmeter2-,2026-07-24
https://www.yominelectric.com/products?category=emergency-lighting&id=ym-el-2000&product=energy-savingepscabinet,2026-07-24
https://www.yominelectric.com/products?category=flexible-busbar&id=ym-0480&product=highqualitycopperflexibleconnectionnewenergycarbat,2026-07-24
https://www.yominelectric.com/products?category=terminal-connector&id=ym-0226&product=forktypecopperbusbarinsulatedcombbusbarpintypeterm,2026-07-24
https://www.yominelectric.com/products?category=voltage-stabilizer-regulator&id=ym-0249&product=tdgc2-20kanalogmeterdisplayvariacregulatorautomati,2026-07-24
https://www.yominelectric.com/products?category=voltage-stabilizer-regulator&id=ym-0390&product=manufacturer0-250voutput20aregulatorsinglephasevar,2026-07-24
https://www.yominelectric.com/products?category=flexible-busbar&id=ym-0597&product=highqualitycustomizableplastic-dippedinsulatedcopp,2026-07-24
https://www.yominelectric.com/products?category=voltage-stabilizer-regulator&id=ym-0243&product=single-phasetdgc2manualvoltageregulatorvariabletra,2026-07-24
https://www.yominelectric.com/products?category=fuse-protection&id=ym-0953&product=manufacturerbp32series100a250a400a630anegativepole,2026-07-24
https://www.yominelectric.com/products?category=other&id=ym-0734&product=threephasepowermotorizedvariabletransformervacline,2026-07-24
https://www.yominelectric.com/products?category=voltage-stabilizer-regulator&id=ym-0063&product=1000vasinglephasevoltageregulatorvariactdgc2adjust,2026-07-24
https://www.yominelectric.com/products?category=energy-meter&id=ym-0759&product=single-phasekwhfrequencyenergymeterwithlcddisplaya,2026-07-24
https://www.yominelectric.com/products?category=emergency-lighting&id=ym-el-2007&product=industrialepsemergencycabinet,2026-07-24
https://www.yominelectric.com/products?category=energy-meter&id=ym-1123&product=factory-price-4p-lcd-230v-railmounted-electricity-ac-active-three-phase-4-wire-e,2026-07-24
https://www.yominelectric.com/products?category=flexible-busbar&id=ym-0614&product=customizedflexiblelaminatedcopperbusbarspowerdistr,2026-07-24
https://www.yominelectric.com/products?category=energy-meter&id=ym-0752&product=threephaseelectronicfrontboardinstalledmulti-funct,2026-07-24
https://www.yominelectric.com/products?category=voltage-stabilizer-regulator&id=ym-0030&product=singlephase10kvafullautomaticservomotorcontrolwall,2026-07-24
https://www.yominelectric.com/products?category=fuse-protection&id=ym-0920,2026-07-24
https://www.yominelectric.com/products?category=fuse-protection&id=ym-0968&product=sourcemanufacturerbp32series100a250a400a630anegati,2026-07-24
https://www.yominelectric.com/products?category=voltage-stabilizer-regulator&id=ym-0383&product=tsgc2-3kacsvcusethreephasevoltageregulatorself-coo,2026-07-24
https://www.yominelectric.com/products?category=socket-wiring&id=ym-0357&product=customizeportablepowersocketdistributionboxwithind,2026-07-24
https://www.yominelectric.com/products?category=flexible-busbar&id=ym-0547&product=highqualitycustomizableinsulatedcopperbusbarconnec,2026-07-24
https://www.yominelectric.com/products?category=fuse-protection&id=ym-0975&product=professionalelectrichighvoltagefuseelectricalporce,2026-07-24
https://www.yominelectric.com/products?category=energy-meter&id=ym-0084&product=wholesaleelectricitymeterreadingtamperingdigitalon,2026-07-24
https://www.yominelectric.com/products?category=voltage-stabilizer-regulator&id=ym-0729&product=manufacturer0-250voutputvoltage60aregulatorsinglep,2026-07-24
https://www.yominelectric.com/products?category=energy-meter&id=ym-0698&product=highqualitysinglephasethreewirepowermeterdigitalel,2026-07-24
https://www.yominelectric.com/products?category=voltage-stabilizer-regulator&id=ym-0240&product=tdgc2-1kvaautomaticvariacavrsingle-phase300vvariab,2026-07-24
https://www.yominelectric.com/products?category=current-transformer&id=ym-0180&product=rctserieshigh-precisionsinglephasetoroidalplasticc,2026-07-24
https://www.yominelectric.com/products?category=voltage-stabilizer-regulator&id=ym-0335&product=tdgc27kvamanualacvoltageregulator30ampvariac,2026-07-24
https://www.yominelectric.com/products?category=aluminum-busbar&id=ym-0624&product=smallaluminumflexiblebusbarwithpvcdippingplasticba,2026-07-24
https://www.yominelectric.com/products?category=energy-meter&id=ym-0756&product=2psingle-phaseenergymeterwithlargescreenresetbutto,2026-07-24
https://www.yominelectric.com/products?category=rigid-busbar&id=ym-0642&product=customizedcopperrigidbusbarflexiblebusbarelectrica,2026-07-24
https://www.yominelectric.com/products?category=flexible-busbar&id=ym-0528&product=280ad-typelithiumbatteryweldingstudconnectionstrip,2026-07-24
https://www.yominelectric.com/products?category=flexible-busbar&id=ym-0571&product=energystoragesystemsupportingmetalpartsheathprotec,2026-07-24
https://www.yominelectric.com/products?category=terminal-connector&id=ym-0929&product=manufacturerpaseriestensionclampbundledinsulatedte,2026-07-24
https://www.yominelectric.com/products?category=flexible-busbar&id=ym-0554&product=highqualitycustomizedlaminatedconnectorsflexibleni,2026-07-24
https://www.yominelectric.com/products?category=solar-pv-products&id=ym-0748&product=4pole32a1000vwaterproofpvisolationswitchforpvsyste,2026-07-24
https://www.yominelectric.com/products?category=terminal-connector&id=ym-0326&product=copperscrewterminalblockconnectorbrassterminalbloc,2026-07-24
https://www.yominelectric.com/products?category=composite-laminated-busbar&id=ym-0537&product=copperandaluminiumcompositelaminatedbusbarsystempo,2026-07-24
https://www.yominelectric.com/products?category=emergency-lighting&id=ym-el-2008&product=emergencylightingpowersystem,2026-07-24
https://www.yominelectric.com/products?category=other&id=ym-0282&product=singlephase220vconvertto110vstepdownelectricalpowe,2026-07-24
https://www.yominelectric.com/products?category=current-transformer&id=ym-0739&product=1200-5aclass05currenttransformerformeasuring,2026-07-24
https://www.yominelectric.com/products?category=rigid-busbar&id=ym-0475&product=powerdistributionequipmentofcopper-platedinsulated,2026-07-24
https://www.yominelectric.com/products?category=energy-meter&id=ym-0083&product=hot-selling-single-phase-led-digital-watt-energy-meter-three-wire-electronic-soc,2026-07-24
https://www.yominelectric.com/products?category=flexible-busbar&id=ym-0464&product=flexiblecopperbusbarforpowderdippingmanufacturingo,2026-07-24
https://www.yominelectric.com/products?category=variac-transformer&id=ym-1051&product=new10kvhighpressuredrymeteringboxjlszv-10jlszy-10h,2026-07-24
https://www.yominelectric.com/products?category=energy-meter&id=ym-0813&product=yem024sj-n4polesmodulessmallsizethree3phasedinrail,2026-07-24
https://www.yominelectric.com/products?category=fuse-protection&id=ym-0960&product=factorydirectsalesanti-accidentaltouchisolatingswi,2026-07-24
https://www.yominelectric.com/products?category=other&id=ym-0142&product=yominac30dinrailoutlet,2026-07-24
https://www.yominelectric.com/products?category=ccs-integrated-busbar&id=ym-0577&product=industrialenergystorageabsplasticcoverfpcccsscheme,2026-07-24
https://www.yominelectric.com/products?category=flexible-busbar&id=ym-0565&product=high-voltageelectricalapparatussoftconnectionflexi,2026-07-24
https://www.yominelectric.com/products?category=flexible-busbar&id=ym-0636&product=customizedcopperstampingflexiblebusbarslaminatedel,2026-07-24
https://www.yominelectric.com/products?category=other&id=ym-0355&product=manufacturermes104-80series1000-5outdoorlow-voltag,2026-07-24
https://www.yominelectric.com/products?category=flexible-busbar&id=ym-0609&product=nickel-platedsoftbusbarpowerdistributionequipmentp,2026-07-24
https://www.yominelectric.com/products?category=energy-meter&id=ym-0076&product=4plcd230vrail-mountedelectricityacactivemeterthree,2026-07-24
https://www.yominelectric.com/products?category=energy-meter&id=ym-0737&product=sts220vddsy666modelsinglephasetwowirekwhprepayment,2026-07-24
https://www.yominelectric.com/products?category=energy-meter&id=ym-0807&product=factorydirectsaleprepaidiccard3phaseclass1electric,2026-07-24
https://www.yominelectric.com/products?category=variac-transformer&id=ym-0296&product=tsgc2-3kvahigh-powerthree-phase380vadjustablevolta,2026-07-24
https://www.yominelectric.com/products?category=energy-meter&id=ym-0090&product=smartprepaidelectric3phasegprselectricitydigitalkw,2026-07-24
https://www.yominelectric.com/products?category=aluminum-busbar&id=ym-0522&product=hardnickel-platedrigidbusbarcopperaluminiumbusbarf,2026-07-24
https://www.yominelectric.com/products?category=energy-meter&id=ym-0261&product=dtsd6667penergymetermulti-functionthree-phasefour-,2026-07-24
https://www.yominelectric.com/products?category=other&id=ym-0424&product=multi-specificationrelayaccessoriesrelaycontrolsys,2026-07-24
https://www.yominelectric.com/products?category=voltage-stabilizer-regulator&id=ym-0013&product=avrseriesrelaytype30kvasinglephasefullyautomaticac,2026-07-24
https://www.yominelectric.com/products?category=flexible-busbar&id=ym-0591&product=copperflexibleconnectionbusbarfoillaminatedexpansi,2026-07-24
https://www.yominelectric.com/products?category=other&id=ym-0706&product=thickerperformancefullsizeroundcableclipswithsteel,2026-07-24
https://www.yominelectric.com/products?category=other&id=ym-0255&product=jbk5-100vseries100vasingle-phaseinsulationtransfor,2026-07-24
https://www.yominelectric.com/products?category=energy-meter&id=ym-0097&product=5-80a380vac50hzlcdbacklightdisplaydinrail3phase4wi,2026-07-24
https://www.yominelectric.com/products?category=current-transformer&id=ym-0416&product=1500-5aclass05currenttransformerindoor,2026-07-24
https://www.yominelectric.com/products?category=flexible-busbar&id=ym-0572&product=newgenerationcarbatterysoftbusbarcoppernewenergygr,2026-07-24
https://www.yominelectric.com/products?category=terminal-connector&id=ym-0973&product=pc1insulatedwirepiercingconnector1kvno-stripcablet,2026-07-24
https://www.yominelectric.com/products?category=voltage-stabilizer-regulator&id=ym-0894&product=tsgc2-15k15kva3kva6kva9kva15kva20kva380vinputadjus,2026-07-24
https://www.yominelectric.com/products?category=energy-meter&id=ym-0778&product=instockfastdeliverymaterminalsinglephasetwowiredin,2026-07-24
https://www.yominelectric.com/products?category=flexible-busbar&id=ym-0677&product=customizedsoftcopperflexibleelectricbusbarpowerdis,2026-07-24
https://www.yominelectric.com/products?category=energy-meter&id=ym-0720,2026-07-24
https://www.yominelectric.com/products?category=flexible-busbar&id=ym-0491&product=insulatedflexiblecopperbusbarsandcopperbusbarstrip,2026-07-24
https://www.yominelectric.com/products?category=energy-meter&id=ym-0134&product=singlephaseelectricpowersmartanalogdigitaldinrailk,2026-07-24
https://www.yominelectric.com/products?category=voltage-stabilizer-regulator&id=ym-0913&product=tdgc2-5kvasinglephaseadjustablemanualtoroidalvaria,2026-07-24
https://www.yominelectric.com/products?category=voltage-stabilizer-regulator&id=ym-0139&product=manufacturertdgc2-02singlephasepowerstatvariableau,2026-07-24
https://www.yominelectric.com/products?category=voltage-stabilizer-regulator&id=ym-0889&product=singlephaseac1000vapoweranalogmeterdisplaycontacta,2026-07-24
https://www.yominelectric.com/products?category=energy-meter&id=ym-0701&product=ctoperateddinrailthreephaselcddisplayelectronicene,2026-07-24
https://www.yominelectric.com/products?category=socket-wiring&id=ym-sw-wallmountedangledsocketymg002-1&product=wallmountedangledsocketym-g002,2026-07-24
https://www.yominelectric.com/products?category=fuse-protection&id=ym-0964&product=sourcemanufacturerisolationmanualtransferswitch1pm,2026-07-24
https://www.yominelectric.com/products?category=fuse-protection&id=ym-0948&product=manufacturerpncfuseisolatingswitch250aknifeswitcha,2026-07-24
https://www.yominelectric.com/products?category=flexible-busbar&id=ym-0495&product=280adweldingstudconnectingstrippowerdistributioneq,2026-07-24
https://www.yominelectric.com/products?category=flexible-busbar&id=ym-0687&product=newtrendvehiclebatteryrenewableenergygridcopperfle,2026-07-24
https://www.yominelectric.com/products?category=energy-meter&id=ym-0244&product=three-phase220vdinrailelectrickwhmeternewtype4-wir,2026-07-24
https://www.yominelectric.com/products?category=flexible-busbar&id=ym-0599&product=highqualitycustomizablecopperbusbarflexibleconnect,2026-07-24
https://www.yominelectric.com/products?category=flexible-busbar&id=ym-0479&product=superiorflexibilitynewgenerationinsulatedcoppersof,2026-07-24
https://www.yominelectric.com/products?category=current-transformer&id=ym-0126&product=mes62-30series150-5with11kvoutputand3kvinputvoltag,2026-07-24
https://www.yominelectric.com/products?category=energy-meter&id=ym-0907&product=smalldesignlcd-counterdisplayelectricityrs485520a5,2026-07-24
https://www.yominelectric.com/products?category=rigid-busbar&id=ym-0680&product=manufacturercustomizedrigidcopperelectricbusbarins,2026-07-24
https://www.yominelectric.com/products?category=terminal-connector&id=ym-0312&product=diversetypesolderspliceheatshrinkkitplasticheatshr,2026-07-24
https://www.yominelectric.com/products?category=flexible-busbar&id=ym-0449&product=platedcopperinsulatedbatterybusbars,2026-07-24
https://www.yominelectric.com/products?category=socket-wiring&id=ym-sw-industrialwaterproofsocketboxym011&product=industrialwaterproofsocketboxym-011,2026-07-24
https://www.yominelectric.com/products?category=energy-meter&id=ym-0274&product=singlephasedinrailsmartelectricmeterdigitalenergym,2026-07-24
https://www.yominelectric.com/products?category=rigid-busbar&id=ym-0585&product=manufacturercustomizedinsulatedrigidcopperelectric,2026-07-24
https://www.yominelectric.com/products?category=terminal-connector&id=ym-0173&product=customizablealuminiumscrewterminalneutralgroundbar,2026-07-24
https://www.yominelectric.com/products?category=socket-wiring&id=ym-sw-wallmountedangledsocketyme006&product=wallmountedangledsocketym-e006,2026-07-24
https://www.yominelectric.com/products?category=solar-pv-products&id=ym-0322&product=newenergy1000vphotovoltaiccombinerbox3-in-1outsola,2026-07-24
https://www.yominelectric.com/products?category=flexible-busbar&id=ym-0627&product=electriccontrolproductshydrogencarbatterydisconnec,2026-07-24
https://www.yominelectric.com/products?category=flexible-busbar&id=ym-0482&product=customized200a-600acapacitymulti-directionalbusbar,2026-07-24
https://www.yominelectric.com/products?category=terminal-connector&id=ym-0935&product=factorydirectsaleswedgetypetensiontensionclamppal1,2026-07-24
https://www.yominelectric.com/products?category=tools-hardware&id=ym-0235&product=autotransformerjbk5100vasinglephase220velectricalt,2026-07-24
https://www.yominelectric.com/products?category=current-transformer&id=ym-0385&product=800-5aclass05currenttransformerctmsqlowhighaccurac,2026-07-24
https://www.yominelectric.com/products?category=energy-meter&id=ym-0162&product=instockdigitalonly2psmarthomeenergymeterwifisingle,2026-07-24
https://www.yominelectric.com/products?category=energy-meter&id=ym-0865&product=frontboardinstallationanalogelectric50hz127v230vkw,2026-07-24
https://www.yominelectric.com/products?category=terminal-connector&id=ym-0924&product=manufacturerpc1insulatedpiercingclampcablefreewire,2026-07-24
https://www.yominelectric.com/products?category=voltage-stabilizer-regulator&id=ym-0187&product=tsgc23kva3-phase4ampvariaccoppervariablevoltagetra,2026-07-24
https://www.yominelectric.com/products?category=voltage-stabilizer-regulator&id=ym-0847&product=manufacturertdgc2-05voltageregulatorvariacsingleph,2026-07-24
https://www.yominelectric.com/products?category=flexible-busbar&id=ym-0685&product=customizedflatcopperbusbarinsulatedflexiblepowerdi,2026-07-24
https://www.yominelectric.com/products?category=energy-meter&id=ym-0156&product=householdusesinglephaseminidinrailkwhmeteractiveen,2026-07-24
https://www.yominelectric.com/products?category=energy-meter&id=ym-0320&product=wholesalereversedetectionthree3phasedigitalelectri,2026-07-24
https://www.yominelectric.com/products?category=variac-transformer&id=ym-0337&product=tdgc210kva40ampacvariac230vtransformer,2026-07-24
https://www.yominelectric.com/products?category=terminal-connector&id=ym-0221&product=rohscertifiedhighqualitycoppernon-crimpinsulatedri,2026-07-24
https://www.yominelectric.com/products?category=aluminum-busbar&id=ym-0557&product=customizedinsulatedaluminumflexiblebusbarsoftconne,2026-07-24
https://www.yominelectric.com/products?category=flexible-busbar&id=ym-0499&product=softconnectedpowerdistributionequipmentfortinnedco,2026-07-24
https://www.yominelectric.com/products?category=other&id=ym-0273&product=single-phasesmartpowerqualitymeterhouseholdyem011t,2026-07-24
https://www.yominelectric.com/products?category=voltage-stabilizer-regulator&id=ym-0121&product=tsgc2regulatorautomatic50hzblackthree-phasecopperv,2026-07-24
https://www.yominelectric.com/products?category=voltage-stabilizer-regulator&id=ym-0183&product=singlephasemanualtypetdgc2-30kvavariactransformero,2026-07-24
https://www.yominelectric.com/products?category=energy-meter&id=ym-0365&product=single-phasesmartenergymeterwithwifilcdscreenandti,2026-07-24
https://www.yominelectric.com/products?category=energy-meter&id=ym-0914&product=customizeddesignhigh-precisionmeasurementsinglepha,2026-07-24
https://www.yominelectric.com/products?category=fuse-protection&id=ym-0920&product=miniaturethermalaerosolfireextinguisherautomaticfi,2026-07-24
https://www.yominelectric.com/products?category=terminal-connector&id=ym-0220&product=highqualityrohscertified2-holecablelugscrimptypeco,2026-07-24
https://www.yominelectric.com/products?category=voltage-stabilizer-regulator&id=ym-0113&product=powersupplier0-250vout08avoltageregulatorvariacsin,2026-07-24
https://www.yominelectric.com/products?category=energy-meter&id=ym-0069&product=singlephasetwowiremechanicalkilowatt-hourelectricm,2026-07-24
https://www.yominelectric.com/products?category=current-transformer&id=ym-1050&product=lzzw-10qoutdoorthree-phasecurrenttransformer10kvhi,2026-07-24
https://www.yominelectric.com/products?category=aluminum-busbar&id=ym-0448&product=oemcopper-aluminumbusbarhardwarebatterypackaluminu,2026-07-24
https://www.yominelectric.com/products?category=current-transformer&id=ym-0259&product=msq-30-300-5manufacturers60hzcasingtypecurrenttran,2026-07-24
https://www.yominelectric.com/products?category=fuse-protection&id=ym-1007&product=35kvoutdoorhigh-voltagevacuumcircuitbreakerzw7-405,2026-07-24
https://www.yominelectric.com/products?category=flexible-busbar&id=ym-0682&product=speciallymanufacturedrrcbiinsulatedpurecoppercircu,2026-07-24
https://www.yominelectric.com/products?category=flexible-busbar&id=ym-0644&product=highqualitycopperandaluminiuminjectionmouldedmetal,2026-07-24
https://www.yominelectric.com/products?category=voltage-stabilizer-regulator&id=ym-0336&product=tdgc2voltageregulator220vvariac02kva08ampcheaplowv,2026-07-24
https://www.yominelectric.com/products?category=fuse-protection&id=ym-0957&product=factorydirectsalesbp32seriesisolatingswitch100a250,2026-07-24
https://www.yominelectric.com/products?category=energy-meter&id=ym-0098&product=fastdeliverysmalldesignlcd-counterdisplayelectrici,2026-07-24
https://www.yominelectric.com/products?category=terminal-connector&id=ym-0430&product=guiderailtypepowercablefj6d-200connectionterminal,2026-07-24
https://www.yominelectric.com/products?category=voltage-stabilizer-regulator&id=ym-0032&product=tsd5kvarelaytypesinglephaseseries220vacautomaticst,2026-07-24
https://www.yominelectric.com/products?category=other&id=ym-0062&product=factoryprice2000vasinglephaseststepupanddowntransf,2026-07-24
https://www.yominelectric.com/products?category=flexible-busbar&id=ym-0654&product=factorydirectsaleirregularinsulatedbusbarcopperalu,2026-07-24
https://www.yominelectric.com/products?category=energy-meter&id=ym-0776&product=singlephasehomeuseenergymeterwithlcddisplayhourmet,2026-07-24
https://www.yominelectric.com/products?category=voltage-stabilizer-regulator&id=ym-0732&product=manufacturertdgc2-3singlephasevoltageregulatorvari,2026-07-24
https://www.yominelectric.com/products?category=flexible-busbar&id=ym-0517&product=high-qualityinsulatedcopper-coresolarextensionphot,2026-07-24
https://www.yominelectric.com/products?category=ccs-integrated-busbar&id=ym-0487&product=portablemobileenergystoragesystemwithintegratedbus,2026-07-24
https://www.yominelectric.com/products?category=terminal-connector&id=ym-0937&product=manufacturerdoublewireinsulatedpiercingclampcablef,2026-07-24
https://www.yominelectric.com/products?category=current-transformer&id=ym-1080&product=indoorhigh-tensioncurrenttransformerct100-5200-5th,2026-07-24
https://www.yominelectric.com/products?category=tools-hardware&id=ym-0128&product=jbk5400vaseriessingle-phaseisolationstepdowncontro,2026-07-24
https://www.yominelectric.com/products?category=flexible-busbar&id=ym-0446&product=factorydirectsalehydrogencarlifepo4batterybusbardi,2026-07-24
https://www.yominelectric.com/products?category=current-transformer&id=ym-0403&product=1200-5aclass10singlephasecurrenttransformerformeas,2026-07-24
https://www.yominelectric.com/products?category=fuse-protection&id=ym-1090&product=33kvhighvoltagewindproofcutoutswitchcoppercolumndr,2026-07-24
https://www.yominelectric.com/products?category=energy-meter&id=ym-0860&product=three-phaseprepaidkwhmeterinstalledfrontboardfront,2026-07-24
https://www.yominelectric.com/products?category=voltage-stabilizer-regulator&id=ym-0242&product=tdgc2-30kksingle-phaseacvoltageregulatorcaralterna,2026-07-24
https://www.yominelectric.com/products?category=voltage-stabilizer-regulator&id=ym-0017&product=highpoweravr15kvahomerelaytypeautomaticvoltageregu,2026-07-24
https://www.yominelectric.com/products?category=current-transformer&id=ym-1000&product=10kvindoorhighvoltagecurrenttransformerlzzbj9-10a0,2026-07-24
https://www.yominelectric.com/products?category=current-transformer&id=ym-0994&product=laj-10qhighvoltagecabinetthroughthewallcurrenttran,2026-07-24
https://www.yominelectric.com/products?category=terminal-connector&id=ym-0313&product=awgseriessilverplatedcopperterminalbell-endlugconn,2026-07-24
https://www.yominelectric.com/products?category=voltage-stabilizer-regulator&id=ym-0891&product=15kva9kva15kva20kva3phaselongservicelifevoltagevar,2026-07-24
https://www.yominelectric.com/products?category=flexible-busbar&id=ym-0592&product=highqualityinsulatedflexiblecopperbusbarconnectors,2026-07-24
https://www.yominelectric.com/products?category=socket-wiring&id=ym-sw-wallmountedangledsocketyme005&product=wallmountedangledsocketym-e005,2026-07-24
https://www.yominelectric.com/products?category=current-transformer&id=ym-1010&product=10kv3phasecastinginsulationvoltagetransformerwithf,2026-07-24
https://www.yominelectric.com/products?category=current-transformer&id=ym-0267&product=highqualitysingleems-62-40inductormeteringtoolslow,2026-07-24
https://www.yominelectric.com/products?category=energy-meter&id=ym-0743&product=acthreephasephotovoltaticenergymeterkwhpowervoltag,2026-07-24
https://www.yominelectric.com/products?category=rigid-busbar&id=ym-0661&product=highqualitycustomizedcopperrigidbusbarnewenergypar,2026-07-24
https://www.yominelectric.com/products?category=flexible-busbar&id=ym-0632&product=hotsellingflexiblecopperbusbarforpowerdistribution,2026-07-24
https://www.yominelectric.com/products?category=flexible-busbar&id=ym-0641&product=aluminiumqccwiringclampelectricalconnectionaccesso,2026-07-24
https://www.yominelectric.com/products?category=voltage-stabilizer-regulator&id=ym-0202&product=manufacturer15kvainput380vregulatorthreephaseacvol,2026-07-24
https://www.yominelectric.com/products?category=fuse-protection&id=ym-0945&product=factorydirectsalesbp32seriesflameretardantisolatin,2026-07-24
https://www.yominelectric.com/products?category=fuse-protection&id=ym-1009&product=zw32-12fg-630aoutdoorhighvoltagevacuumcircuitbreak,2026-07-24
https://www.yominelectric.com/products?category=energy-meter&id=ym-0724&product=threephasefourwiredigitalmultifunctionelectricmete,2026-07-24
https://www.yominelectric.com/products?category=voltage-stabilizer-regulator&id=ym-0977&product=indoor12kvvoltage50hzhthrctypehigh-voltagelimitedf,2026-07-24
https://www.yominelectric.com/products?category=voltage-stabilizer-regulator&id=ym-0009&product=cpucontrolclassicplasticpanelrelaytypesac220vrelay,2026-07-24
https://www.yominelectric.com/products?category=energy-meter&id=ym-0714&product=hotsalers485multitariffdigitalelectricitypowermete,2026-07-24
https://www.yominelectric.com/products?category=voltage-stabilizer-regulator&id=ym-0214&product=singlephaseac1000vaadjustablepoweranalogmeterdispl,2026-07-24
https://www.yominelectric.com/products?category=current-transformer&id=ym-1044&product=jdzc-6highvoltagetransformerindoorsingleandthreeph,2026-07-24
https://www.yominelectric.com/products?category=fuse-protection&id=ym-0266&product=high-lowbreakingcapacity1pn60-80acut-outfuseforlow,2026-07-24
https://www.yominelectric.com/products?category=energy-meter&id=ym-0863&product=wattmetersinglephasedigitalelectricpowersmartanalo,2026-07-24
https://www.yominelectric.com/products?category=energy-meter&id=ym-0125&product=high-precisionclass1dinrailsinglephasedigitalelect,2026-07-24
https://www.yominelectric.com/products?category=terminal-connector&id=ym-0300&product=wireconnectercablelugsizecopperandaluminiumsilvero,2026-07-24
https://www.yominelectric.com/products?category=voltage-stabilizer-regulator&id=ym-0877&product=singlephasevoltageregulator3kva220vvariacmotoradju,2026-07-24
https://www.yominelectric.com/products?category=aluminum-busbar&id=ym-0431&product=flexiblebusofsmallflexiblealuminumbatterypackwithh,2026-07-24
https://www.yominelectric.com/products?category=energy-meter&id=ym-0362&product=380vsinglephaseelectronicenergymeterwithlcddisplay,2026-07-24
https://www.yominelectric.com/products?category=fuse-protection&id=ym-1093&product=highreliabilityoutdoortypethreephasehighvoltageint,2026-07-24
https://www.yominelectric.com/products?category=energy-meter&id=ym-0275&product=threephasedigitalenergymeterdinrailtype,2026-07-24
https://www.yominelectric.com/products?category=flexible-busbar&id=ym-0529&product=flexiblecopperbusbarsforpowerdistributionofnewener,2026-07-24
https://www.yominelectric.com/products?category=tools-hardware&id=ym-0350&product=manufacturerbkseries220v24vmachinetooltransformerc,2026-07-24
https://www.yominelectric.com/products?category=socket-wiring&id=ym-sw-industrialwaterproofsocketboxym002&product=industrialwaterproofsocketboxym-002,2026-07-24
https://www.yominelectric.com/products?category=terminal-connector&id=ym-0936&product=factorydirectpt258insulatedsplicewireconnectoralum,2026-07-24
https://www.yominelectric.com/products?category=voltage-stabilizer-regulator&id=ym-0886&product=manufacturertdgc205-20kvasinglephasevoltslideregul,2026-07-24
https://www.yominelectric.com/products?category=fuse-protection&id=ym-0999&product=outdoorhighvoltagevacuumcircuitbreaker10kvcolumnwi,2026-07-24
https://www.yominelectric.com/products?category=flexible-busbar&id=ym-0535&product=highqualityflexibletinnedcopperbraidgroundingwirec,2026-07-24
https://www.yominelectric.com/products?category=flexible-busbar&id=ym-0515&product=high-qualitylaminatedflexiblebusinsulationnickel-p,2026-07-24
https://www.yominelectric.com/products?category=socket-wiring&id=ym-0380&product=industryplasticpcwaterproofwallmountedinclinedsock,2026-07-24
https://www.yominelectric.com/products?category=energy-meter&id=ym-0867&product=factoryyem082rpthreephasewireelectromechanicalener,2026-07-24
https://www.yominelectric.com/products?category=terminal-connector&id=ym-0176&product=dual-conductorhigh-strengthalloyelectricalscrewter,2026-07-24
https://www.yominelectric.com/products?category=current-transformer&id=ym-1066&product=lzzb9-10shighvoltage10kvcurrentsensortransformerct,2026-07-24
https://www.yominelectric.com/products?category=voltage-stabilizer-regulator&id=ym-0019&product=relaytypeavsvoltagestabilizervoltageregulatorwithc,2026-07-24
https://www.yominelectric.com/products?category=voltage-stabilizer-regulator&id=ym-0027&product=tnd-svcseries3kvelectricitysinglephasevoltageregul,2026-07-24
https://www.yominelectric.com/products?category=energy-meter&id=ym-0352&product=3phase4wiredinrailenergymeterpriceandsmartenergyme,2026-07-24
https://www.yominelectric.com/products?category=energy-storage-busbar&id=ym-0548&product=withstandvoltage1500vprotectiongradelp67120a200a30,2026-07-24
https://www.yominelectric.com/products?category=other&id=ym-0190&product=msqtypect220kvinputvoltagetransformerwith110voutpu,2026-07-24
https://www.yominelectric.com/products?category=solar-pv-products&id=ym-0147&product=outdoormetal63awaterproofsolarcombinerbox4input1ou,2026-07-24
https://www.yominelectric.com/products?category=terminal-connector&id=ym-0325&product=highqualitydtl-2-35-2-70bimetalliccrimpterminallug,2026-07-24
https://www.yominelectric.com/products?category=flexible-busbar&id=ym-0504&product=chinamanufacturersdirectcustomcopperbraidedsoftcon,2026-07-24
https://www.yominelectric.com/products?category=current-transformer&id=ym-1057&product=jdz8-10rhighvoltagesingle-phasedrytypetransformer1,2026-07-24
https://www.yominelectric.com/products?category=flexible-busbar&id=ym-0497&product=softconnectiondistributionequipmentforcopperbusofl,2026-07-24
https://www.yominelectric.com/products?category=variac-transformer&id=ym-0295&product=tsgc2-6kvahigh-powerthree-phase380vacservomotorcon,2026-07-24
https://www.yominelectric.com/products?category=current-transformer&id=ym-0196&product=manufacturerdp-816-4000-550hz-60hzelectronicuseaut,2026-07-24
https://www.yominelectric.com/products?category=variac-transformer&id=ym-0197&product=threephase2kva220vinputmanualdigitallabelprintingv,2026-07-24
https://www.yominelectric.com/products?category=busbar-protection&id=ym-0678&product=customizedsizeenergystoragemetalpartsheathprotecti,2026-07-24
https://www.yominelectric.com/products?category=heavy-duty-busbar&id=ym-0581&product=ceeiecnationalstandardsrhinopowerconnectorforenerg,2026-07-24
https://www.yominelectric.com/products?category=other&id=ym-0137&product=fastdeliveryhighpowercontrolsinglephasejbk5seriese,2026-07-24
https://www.yominelectric.com/products?category=socket-wiring&id=ym-sw-industrialwaterproofsocketboxym008&product=industrialwaterproofsocketboxym-008,2026-07-24
https://www.yominelectric.com/products?category=flexible-busbar&id=ym-0502&product=chinafactoryoutletsareusedforsoftbusdistributioneq,2026-07-24
https://www.yominelectric.com/products?category=energy-meter&id=ym-0711&product=smarthomeuse3phase4wiredinrailelectricenergymeterw,2026-07-24
https://www.yominelectric.com/products?category=current-transformer&id=ym-0155&product=powersystemmonitoringsingle-phasebus-bar10-5aclass,2026-07-24
https://www.yominelectric.com/products?category=energy-meter&id=ym-0744&product=wholesalers485dinrailwattmeter-energymeter-electri,2026-07-24
https://www.yominelectric.com/products?category=energy-meter&id=ym-0696&product=2psmarthomeenergymeterwifisinglephasedinrailappcon,2026-07-24
https://www.yominelectric.com/products?category=composite-laminated-busbar&id=ym-0507&product=flexibleinsulatedcopper-aluminumlaminatedbusbarnic,2026-07-24
https://www.yominelectric.com/products?category=flexible-busbar&id=ym-0442,2026-07-24
https://www.yominelectric.com/products?category=current-transformer&id=ym-1073&product=single-phasefive-columnhigh-voltagetransformer10kv,2026-07-24
https://www.yominelectric.com/products?category=energy-meter&id=ym-0292&product=currenttransformerconnectdinrailthreephasefourwire,2026-07-24
https://www.yominelectric.com/products?category=current-transformer&id=ym-0319&product=singlephase35kvhighvoltageoutdoorpotentialtransfor,2026-07-24
https://www.yominelectric.com/products?category=current-transformer&id=ym-1060&product=factorydirecthighqualityjdzw-10rsingle-phaseoutdoo,2026-07-24
https://www.yominelectric.com/products?category=current-transformer&id=ym-0406&product=manufacturerdp-58-800-5splitcorecurrenttransformer,2026-07-24
https://www.yominelectric.com/products?category=energy-meter&id=ym-0754&product=dinraildigitalenergypowermetershowingtheelectricit,2026-07-24
https://www.yominelectric.com/products?category=energy-meter&id=ym-0365,2026-07-24
https://www.yominelectric.com/products?category=socket-wiring&id=ym-0333&product=7daysweeklyprogrammableminilcddisplaydigitaltimers,2026-07-24
https://www.yominelectric.com/products?category=energy-meter&id=ym-0801&product=wallmountedsingle-phasefrontboarddigitalanalogdisp,2026-07-24
https://www.yominelectric.com/products?category=energy-meter&id=ym-0858,2026-07-24
https://www.yominelectric.com/products?category=flexible-busbar&id=ym-0558&product=customrrcbpurecoppercircularbraidedgroundstrapflex,2026-07-24
https://www.yominelectric.com/products?category=other&id=ym-0906&product=stablevoltageconversionjbk5manufacturers400vasingl,2026-07-24
https://www.yominelectric.com/products?category=terminal-connector&id=ym-0941&product=factorydirectsalesmjptseriesaluminumconnectingpipe,2026-07-24
https://www.yominelectric.com/products?category=variac-transformer&id=ym-1085&product=s11seriesfullysealedoilimmersedpowertransformer500,2026-07-24
https://www.yominelectric.com/products?category=energy-meter&id=ym-0700&product=yem021jcwholesalepricefactory3phaselcddisplaykwhme,2026-07-24
https://www.yominelectric.com/products?category=energy-meter&id=ym-0758&product=single-phase4panalogwirelesselectrickilowatt-hourm,2026-07-24
https://www.yominelectric.com/products?category=flexible-busbar&id=ym-0570&product=hybridbatterybusbarforelectricvehiclesnickelplated,2026-07-24
https://www.yominelectric.com/products?category=socket-wiring&id=ym-sw-portablesocketboxymax804&product=portablesocketboxymax-804,2026-07-24
https://www.yominelectric.com/products?category=terminal-connector&id=ym-0935,2026-07-24
https://www.yominelectric.com/products?category=current-transformer&id=ym-1082,2026-07-24
https://www.yominelectric.com/products?category=fuse-protection&id=ym-0321&product=highandlowbreakingcapacitynewenergypvfuseseriesfor,2026-07-24
https://www.yominelectric.com/products?category=socket-wiring&id=ym-sw-industrialwaterproofsocketboxym018&product=industrialwaterproofsocketboxym-018,2026-07-24
https://www.yominelectric.com/products?category=flexible-busbar&id=ym-0496&product=chinafactoryoutlethigh-qualitycustomizablecopperbu,2026-07-24
https://www.yominelectric.com/products?category=flexible-busbar&id=ym-0511&product=customizablecopperbusbarsoftconnectionpowerdistrib,2026-07-24
https://www.yominelectric.com/products?category=flexible-busbar&id=ym-0681&product=electricvehiclebatteryprotectivesheathmetalpartene,2026-07-24
https://www.yominelectric.com/products?category=flexible-busbar&id=ym-0663&product=highqualitycustomizablesoftbusbarinsulatedcopperfo,2026-07-24
https://www.yominelectric.com/products?category=variac-transformer&id=ym-0393&product=smallmanualvariacwbt-4000wvariac1kw220v2000w,2026-07-24
https://www.yominelectric.com/products?category=flexible-busbar&id=ym-0521&product=customizablehighqualityflexiblecopperbusbarswithni,2026-07-24
https://www.yominelectric.com/products?category=socket-wiring&id=ym-sw-industrialwaterproofsocketboxym001&product=industrialwaterproofsocketboxym-001,2026-07-24
https://www.yominelectric.com/products?category=fuse-protection&id=ym-0947&product=bp32series100a250a400a630anegativepoleisolatingswi,2026-07-24
https://www.yominelectric.com/products?category=fuse-protection&id=ym-0954&product=factorydirectbp32seriesisolatingswitch100a250a400a,2026-07-24
https://www.yominelectric.com/products?category=terminal-connector&id=ym-0928&product=factorydirectjnc2-95tlinsulatedpiercingwireconnect,2026-07-24
https://www.yominelectric.com/products?category=socket-wiring&id=ym-sw-portablesocketboxymax806&product=portablesocketboxymax-806,2026-07-24
https://www.yominelectric.com/products?category=energy-meter&id=ym-0093&product=fastdeliveryiso9001factorypricebidirectionaleletro,2026-07-24
https://www.yominelectric.com/products?category=current-transformer&id=ym-1097&product=10kvhighvoltagectcurrenttransformerwalltypesinglep,2026-07-24
https://www.yominelectric.com/products?category=voltage-stabilizer-regulator&id=ym-0002&product=4svctnsserieshomeusefullyautomaticelectricavrthree,2026-07-24
https://www.yominelectric.com/products?category=flexible-busbar&id=ym-0574&product=highqualitycustomizedlifepo4batterybusbarflexiblei,2026-07-24
https://www.yominelectric.com/products?category=flexible-busbar&id=ym-0569&product=customizedflexiblecoppermetalaluminiumbduinternalc,2026-07-24
https://www.yominelectric.com/products?category=other&id=ym-0236&product=5vainternationalmanufacturerssmallelectrictransfor,2026-07-24
https://www.yominelectric.com/products?category=rigid-busbar&id=ym-0575&product=customizedprofessionaltinplatebendingcopperrigidbu,2026-07-24
https://www.yominelectric.com/products?category=aluminum-busbar&id=ym-0608&product=customizedadvancedbatterypackconnectorcomponentsal,2026-07-24
https://www.yominelectric.com/products?category=voltage-stabilizer-regulator&id=ym-0398&product=manufacturertdgc2-3singlephasevoltageregulator3000,2026-07-24
https://www.yominelectric.com/products?category=fuse-protection&id=ym-0963,2026-07-24
https://www.yominelectric.com/products?category=flexible-busbar&id=ym-0582&product=chinesefactorycustommetalmaterialbrightcopperbarco,2026-07-24
https://www.yominelectric.com/products?category=voltage-stabilizer-regulator&id=ym-0279&product=tdgc2-3highqualitysingle-phasemanual-adjustablevol,2026-07-24
https://www.yominelectric.com/products?category=solar-pv-products&id=ym-0317&product=elr2seriesdcisolationswitchpv1200vwaterproofip66le,2026-07-24
https://www.yominelectric.com/products?category=variac-transformer&id=ym-0981&product=factorypriceoil-immerseddistributiontransformersin,2026-07-24
https://www.yominelectric.com/products?category=rigid-busbar&id=ym-0458&product=themanufacturer-customizedrigidcopperelectricalbus,2026-07-24
https://www.yominelectric.com/products?category=energy-meter&id=ym-0089&product=miniaturenavigationdisplaylcddigitalpowermeterelec,2026-07-24
https://www.yominelectric.com/products?category=flexible-busbar&id=ym-0626&product=rhinopower400aeurogaugeconnectoronlineelectricitym,2026-07-24
https://www.yominelectric.com/products?category=composite-laminated-busbar&id=ym-0503&product=flexiblecopbususedforconnectelaminatedsoftcopperla,2026-07-24
https://www.yominelectric.com/products?category=current-transformer&id=ym-0985&product=highvoltagecircuitbreakerpowersupplyptdrymeasureme,2026-07-24
https://www.yominelectric.com/products?category=fuse-protection&id=ym-1012&product=outdoorhighvoltagevacuumcircuitbreaker10kvcolumnwi,2026-07-24
https://www.yominelectric.com/products?category=flexible-busbar&id=ym-0588&product=high-precisionpowerdistributionequipmentexcellentq,2026-07-24
https://www.yominelectric.com/products?category=emergency-lighting&id=ym-el-2002&product=emergencylightingcentralizedeps,2026-07-24
https://www.yominelectric.com/products?category=current-transformer&id=ym-0854&product=factorydirectsalesplit-coredesign720vac2000-5aclas,2026-07-24
https://www.yominelectric.com/products?category=flexible-busbar&id=ym-0651&product=copperbusbarfornewenergyvehiclesbatterybusbarrigid,2026-07-24
https://www.yominelectric.com/products?category=variac-transformer&id=ym-1005&product=10kvhighpressureoilmeteringboxjls-6-10three-phaset,2026-07-24
https://www.yominelectric.com/products?category=voltage-stabilizer-regulator&id=ym-0136&product=variacsinglephaseacanalogmetertdgc2-1kregulatoraut,2026-07-24
https://www.yominelectric.com/products?category=flexible-busbar&id=ym-0530&product=copperconnectorsandbusbarsforpowerdistributionequi,2026-07-24
https://www.yominelectric.com/products?category=energy-meter&id=ym-0741,2026-07-24
https://www.yominelectric.com/products?category=voltage-stabilizer-regulator&id=ym-0302&product=adjustable63asinglephasethreedisplayoverandundervo,2026-07-24
https://www.yominelectric.com/products?category=aluminum-busbar&id=ym-0505&product=smallflexiblealuminumbatterypackbusbarswithdippedp,2026-07-24
https://www.yominelectric.com/products?category=flexible-busbar&id=ym-0527&product=eve105ahcustomizedcopperbusbarforlifepo4100ahbatte,2026-07-24
https://www.yominelectric.com/products?category=energy-meter&id=ym-0702&product=newdesignthreephasedinraildigitalelectrickwhmeterr,2026-07-24
https://www.yominelectric.com/products?category=flexible-busbar&id=ym-0437&product=lifepo4solarenergy12v100ah200ah300ahnewenergybatte,2026-07-24
https://www.yominelectric.com/products?category=flexible-busbar&id=ym-0490&product=flexiblebusfornewenergypowerinsulationnickel-plate,2026-07-24
https://www.yominelectric.com/products?category=energy-meter&id=ym-0799&product=highqualitydurableindustrial-grade3-phased86analog,2026-07-24
https://www.yominelectric.com/products?category=voltage-stabilizer-regulator&id=ym-0879&product=tdgc23kvameterdisplay0-250vsinglephasecommontypeac,2026-07-24
https://www.yominelectric.com/products?category=current-transformer&id=ym-1034&product=highinstrumentvoltagetransformersingle-phase15kv-2,2026-07-24
https://www.yominelectric.com/products?category=flexible-busbar&id=ym-0501&product=copbussoftbusdistributionequipmentforlaminatedinsu,2026-07-24
https://www.yominelectric.com/products?category=energy-meter&id=ym-0157&product=highqualityfastdeliveryelectricitysinglephasekilow,2026-07-24
https://www.yominelectric.com/products?category=energy-meter&id=ym-0118&product=electricityanalysis1psinglephase230vdinraildigi30a,2026-07-24
https://www.yominelectric.com/products?category=current-transformer&id=ym-1029&product=35kvindoorhighvoltagejdzx9-35transformerhighvoltag,2026-07-24
https://www.yominelectric.com/products?category=voltage-stabilizer-regulator&id=ym-0869&product=threephasetsgc2output0to500vmotormotorizedvariac9k,2026-07-24
https://www.yominelectric.com/products?category=terminal-connector&id=ym-0428&product=squareheadroundheadcopper-aluminumterminalcopperlu,2026-07-24
https://www.yominelectric.com/products?category=flexible-busbar&id=ym-0526&product=newenergyautomotivebusbarconnectorpowergridsoftcop,2026-07-24
https://www.yominelectric.com/products?category=socket-wiring&id=ym-sw-industrialwaterproofsocketboxym025&product=industrialwaterproofsocketboxym-025,2026-07-24
https://www.yominelectric.com/products?category=flexible-busbar&id=ym-0664&product=factorymanufactureddccopperelectricalbusbarforpowe,2026-07-24
https://www.yominelectric.com/products?category=current-transformer&id=ym-0386&product=150-5aclass05currenttransformer,2026-07-24
https://www.yominelectric.com/products?category=energy-meter&id=ym-0692&product=threephasesmartelectrickwhpowermeterwithcounterdis,2026-07-24
https://www.yominelectric.com/products?category=current-transformer&id=ym-1079&product=jlsgwv-10outdoorthree-phasedrycombinationtransform,2026-07-24
https://www.yominelectric.com/products?category=terminal-connector&id=ym-0219&product=brasspcbbusbarbarrierterminalblocks,2026-07-24
https://www.yominelectric.com/products?category=other&id=ym-0375&product=highqualityoem30wto5000wcopperwireisolationtoroida,2026-07-24
https://www.yominelectric.com/products?category=energy-meter&id=ym-0094,2026-07-24
https://www.yominelectric.com/products?category=energy-meter&id=ym-0864&product=highprecisionmeasurement3x230v-400v3phase4polesmal,2026-07-24
https://www.yominelectric.com/products?category=energy-meter&id=ym-0780&product=instockfastdeliverysmalldesignelectricitydinrailmo,2026-07-24
https://www.yominelectric.com/products?category=energy-meter&id=ym-0781&product=analogdisplaysinglephasecommunication32acurrentfre,2026-07-24
https://www.yominelectric.com/products?category=composite-laminated-busbar&id=ym-0655&product=high-efficientcopperlaminatedbusbarforrailtrafficd,2026-07-24
https://www.yominelectric.com/products?category=current-transformer&id=ym-1046&product=outdoor10kvjlszy-10combinedmeteringandhigh-voltage,2026-07-24
https://www.yominelectric.com/products?category=fuse-protection&id=ym-0378&product=nh00copperlowvoltage160amp3ppolyesterknifebladefus,2026-07-24
https://www.yominelectric.com/products?category=socket-wiring&id=ym-sw-industrialwaterproofsocketboxym014&product=industrialwaterproofsocketboxym-014,2026-07-24
https://www.yominelectric.com/products?category=flexible-busbar&id=ym-0635&product=customizedflexiblepvccopperbusbarfornewenergyvehic,2026-07-24
https://www.yominelectric.com/products?category=current-transformer&id=ym-0412&product=5000-5aclass10currenttransformercurrenttransformer,2026-07-24
https://www.yominelectric.com/products?category=variac-transformer&id=ym-0182&product=customthreephasetsgc220kvaadjustabletransformervol,2026-07-24
https://www.yominelectric.com/products?category=socket-wiring&id=ym-0374&product=industrialwaterproofsocketdistributionboxelectricp,2026-07-24
https://www.yominelectric.com/products?category=voltage-stabilizer-regulator&id=ym-0419&product=manufacturer0-250vout2avoltageregulatorvariacsingl,2026-07-24
https://www.yominelectric.com/products?category=energy-meter&id=ym-0738&product=tuyasmartenergytimerappcontrolwifienergymeter230vd,2026-07-24
https://www.yominelectric.com/products?category=voltage-stabilizer-regulator&id=ym-0392&product=tdgc2meterdisplay0250vvariacvariabletransformerwit,2026-07-24
https://www.yominelectric.com/products?category=fuse-protection&id=ym-0963&product=factorydirectsalesofvietnamesent50miniaturecircuit,2026-07-24
https://www.yominelectric.com/products?category=current-transformer&id=ym-1028&product=jdzj-3610qsemi-enclosedsinglephasevoltagetransform,2026-07-24
https://www.yominelectric.com/products?category=aluminum-busbar&id=ym-0438&product=soft-typealuminumconnectorsdirectlysoldbychinesema,2026-07-24
https://www.yominelectric.com/products?category=flexible-busbar&id=ym-0471&product=customizedcopperrigidandflexiblebusbarelectricalla,2026-07-24
https://www.yominelectric.com/products?category=flexible-busbar&id=ym-0676&product=bdhct3-4crimpingtoolmakeyourownbraidedconnectionsc,2026-07-24
https://www.yominelectric.com/products?category=composite-laminated-busbar&id=ym-0542&product=highqualitycustomlaminatedbusbarspowerdistribution,2026-07-24
https://www.yominelectric.com/products?category=flexible-busbar&id=ym-0510&product=chinafactorydirecthigh-qualityinsulatedbuscopperba,2026-07-24
https://www.yominelectric.com/products?category=terminal-connector&id=ym-0430,2026-07-24
https://www.yominelectric.com/products?category=current-transformer&id=ym-0988&product=outdoorcurrenttransformerlzw32-10siliconerubbercur,2026-07-24
https://www.yominelectric.com/products?category=terminal-connector&id=ym-0930&product=manufacturertensionwireclamppa1bundledwireclampins,2026-07-24
https://www.yominelectric.com/products?category=voltage-stabilizer-regulator&id=ym-0869,2026-07-24
https://www.yominelectric.com/products?category=fuse-protection&id=ym-1016,2026-07-24
https://www.yominelectric.com/products?category=aluminum-busbar&id=ym-0454&product=aluminum-copperbusflexibleconnectorfornewenergybat,2026-07-24
https://www.yominelectric.com/products?category=energy-meter&id=ym-0189,2026-07-24
https://www.yominelectric.com/products?category=current-transformer&id=ym-1023,2026-07-24
https://www.yominelectric.com/products?category=flexible-busbar&id=ym-0543,2026-07-24
https://www.yominelectric.com/products?category=voltage-stabilizer-regulator&id=ym-0026,2026-07-24
https://www.yominelectric.com/products?category=fuse-protection&id=ym-0174,2026-07-24
https://www.yominelectric.com/products?category=energy-meter&id=ym-0801,2026-07-24
https://www.yominelectric.com/products?category=energy-meter&id=ym-0234,2026-07-24
https://www.yominelectric.com/products?category=current-transformer&id=ym-1028,2026-07-24
https://www.yominelectric.com/products?category=current-transformer&id=ym-0251,2026-07-24
https://www.yominelectric.com/products?category=energy-meter&id=ym-0800,2026-07-24
https://www.yominelectric.com/products?category=fuse-protection&id=ym-0944,2026-07-24
https://www.yominelectric.com/products?category=voltage-protector&id=ym-0287,2026-07-24
https://www.yominelectric.com/products?category=composite-laminated-busbar&id=ym-0638,2026-07-24
https://www.yominelectric.com/products?category=terminal-connector&id=ym-0971,2026-07-24
https://www.yominelectric.com/products?category=energy-meter&id=ym-0758,2026-07-24
https://www.yominelectric.com/products?category=fuse-protection&id=ym-0944&product=open-type-pnc-fuse-isolating-switch-250a-antiaccidental-touch-isolating-switch-f,2026-07-24
https://www.yominelectric.com/products?category=security-seal&id=ym-1118,2026-07-24
https://www.yominelectric.com/products?category=other&id=ym-0190,2026-07-24
https://www.yominelectric.com/products?category=flexible-busbar&id=ym-0532,2026-07-24
https://www.yominelectric.com/products?category=aluminum-busbar&id=ym-0560,2026-07-24
https://www.yominelectric.com/products?category=current-transformer&id=ym-1030,2026-07-24
https://www.yominelectric.com/products?category=current-transformer&id=ym-0077,2026-07-24
https://www.yominelectric.com/products?category=energy-meter&id=ym-0722,2026-07-24
https://www.yominelectric.com/products?category=terminal-connector&id=ym-0193,2026-07-24
https://www.yominelectric.com/products?category=energy-meter&id=ym-0076&product=4p-lcd-230v-railmounted-electricity-ac-active-meter-three-phase-smart-energy-met,2026-07-24
https://www.yominelectric.com/products?category=fuse-protection&id=ym-0960&product=factory-direct-sales-antiaccidental-touch-isolating-switch-pnc-fuse-isolating-sw,2026-07-24
https://www.yominelectric.com/products?category=security-seal&id=ym-1105,2026-07-24
https://www.yominelectric.com/products?category=energy-meter&id=ym-0090,2026-07-24
https://www.yominelectric.com/products?category=voltage-stabilizer-regulator&id=ym-0874,2026-07-24
https://www.yominelectric.com/products?category=flexible-busbar&id=ym-0689,2026-07-24
https://www.yominelectric.com/products?category=flexible-busbar&id=ym-0595,2026-07-24
https://www.yominelectric.com/products?category=aluminum-busbar&id=ym-0316,2026-07-24
https://www.yominelectric.com/products?category=voltage-stabilizer-regulator&id=ym-0248,2026-07-24
https://www.yominelectric.com/products?category=other&id=ym-0123,2026-07-24
https://www.yominelectric.com/products?category=fuse-protection&id=ym-1096,2026-07-24
https://www.yominelectric.com/products?category=fuse-protection&id=ym-1012,2026-07-24
https://www.yominelectric.com/products?category=current-transformer&id=ym-0871,2026-07-24
https://www.yominelectric.com/products?category=security-seal&id=ym-1115,2026-07-23
https://www.yominelectric.com/products?category=variac-transformers&id=ym-0768&product=tc-step-up-down-transformer-single-phase-5000va,2026-07-23
https://www.yominelectric.com/products?category=other&id=ym-0878,2026-07-23
https://www.yominelectric.com/products?category=energy-meter&id=ym-0160,2026-07-23
https://www.yominelectric.com/products?category=flexible-busbar&id=ym-0611,2026-07-23
https://www.yominelectric.com/products?category=energy-meter&id=ym-0719,2026-07-23
https://www.yominelectric.com/products?category=flexible-busbar&id=ym-0556,2026-07-23
https://www.yominelectric.com/products?category=flexible-busbar&id=ym-0587,2026-07-23
https://www.yominelectric.com/products?category=current-transformer&id=ym-1049,2026-07-23
https://www.yominelectric.com/products?category=flexible-busbar&id=ym-0526,2026-07-23
https://www.yominelectric.com/products?category=other&id=ym-0191,2026-07-23
https://www.yominelectric.com/products?category=flexible-busbar&id=ym-0667,2026-07-23
https://www.yominelectric.com/products?category=terminal-connector&id=ym-0327,2026-07-23
https://www.yominelectric.com/products?category=other&id=ym-0375,2026-07-23
https://www.yominelectric.com/products?category=flexible-busbar&id=ym-0691,2026-07-23
https://www.yominelectric.com/products?category=flexible-busbar&id=ym-0479,2026-07-23
https://www.yominelectric.com/products?category=current-transformer&id=ym-0396,2026-07-23
https://www.yominelectric.com/products?category=current-transformer&id=ym-1006,2026-07-23
https://www.yominelectric.com/products?category=flexible-busbar&id=ym-0541,2026-07-23
https://www.yominelectric.com/products?category=rigid-busbar&id=ym-0642,2026-07-23
https://www.yominelectric.com/products?category=variac-transformer&id=ym-1014,2026-07-23
https://www.yominelectric.com/products?category=current-transformer&id=ym-1015,2026-07-23
https://www.yominelectric.com/products?category=energy-meter&id=ym-0856&product=factory-price-4p-lcd-230v-three-phase-energy-meter,2026-07-23
https://www.yominelectric.com/products?category=energy-meter&id=ym-0756,2026-07-23
https://www.yominelectric.com/products?category=voltage-stabilizer-regulator&id=ym-0735,2026-07-23
https://www.yominelectric.com/products?category=terminal-connector&id=ym-0312,2026-07-23
https://www.yominelectric.com/products?category=other&id=ym-0110,2026-07-23
https://www.yominelectric.com/products?category=current-transformer&id=ym-0407,2026-07-23
https://www.yominelectric.com/products?category=current-transformer&id=ym-0385,2026-07-23
https://www.yominelectric.com/products?category=flexible-busbar&id=ym-0564,2026-07-23
https://www.yominelectric.com/products?category=energy-meter&id=ym-0156,2026-07-23
https://www.yominelectric.com/products?category=flexible-busbar&id=ym-0687,2026-07-23
https://www.yominelectric.com/products?category=aluminum-busbar&id=ym-0647,2026-07-23
https://www.yominelectric.com/products?category=energy-meter&id=ym-0146&product=yem021gcn-three-phase-din-rail-mounted-smart-meter-enercon-remote-electricity-po,2026-07-23
https://www.yominelectric.com/products?category=energy-meter&id=ym-0787,2026-07-23
https://www.yominelectric.com/products?category=current-transformer&id=ym-1027,2026-07-23
https://www.yominelectric.com/products?category=voltage-stabilizer-regulator&id=ym-0029,2026-07-23
https://www.yominelectric.com/products?category=fuse-protection&id=ym-1095&product=building-lightning-rod-copper-conductor-surge-protective-device-10ka-lighting-ar,2026-07-23
https://www.yominelectric.com/products?category=fuse-protection&id=ym-0321&product=high-and-low-breaking-capacity-new-energy-pv-fuse-series-for-low-voltage-usage-r,2026-07-23
https://www.yominelectric.com/products?category=fuse-protection&id=ym-1018&product=11kv-15kv-24kv-porcelain-fuse-high-voltage-copper-low-current-100a-composite-cut,2026-07-23
https://www.yominelectric.com/products?category=current-transformer&id=ym-1091,2026-07-23
https://www.yominelectric.com/products?category=energy-meter&id=ym-0864,2026-07-23
https://www.yominelectric.com/products?category=energy-meter&id=ym-0078,2026-07-23
https://www.yominelectric.com/products?category=voltage-stabilizer-regulator&id=ym-0018,2026-07-23
https://www.yominelectric.com/products?category=screw-machine&id=ym-sm-001&product=yomin-metal-deep-processing-machine,2026-07-23
https://www.yominelectric.com/products?category=energy-meter&id=ym-0757,2026-07-23
https://www.yominelectric.com/products?category=aluminum-busbar&id=ym-0674,2026-07-23
https://www.yominelectric.com/?smallclassid=144&bigclassid=141,2026-07-23
https://www.yominelectric.com/products?category=flexible-busbar&id=ym-0676,2026-07-23
https://www.yominelectric.com/products?category=current-transformer&id=ym-0285,2026-07-23
https://www.yominelectric.com/products?category=energy-meter&id=ym-0210,2026-07-23
https://www.yominelectric.com/products?category=variac-transformer&id=ym-1070,2026-07-23
https://www.yominelectric.com/products?category=flexible-busbar&id=ym-0590,2026-07-23
https://www.yominelectric.com/products?category=flexible-busbar&id=ym-0552,2026-07-23
https://www.yominelectric.com/products?category=variac-transformer&id=ym-0201,2026-07-23
https://www.yominelectric.com/products?category=current-transformer&id=ym-1055,2026-07-23
https://www.yominelectric.com/products?category=solar-pv-products&id=ym-0389,2026-07-23
https://www.yominelectric.com/products?category=flexible-busbar&id=ym-0500,2026-07-23
https://www.yominelectric.com/products?category=flexible-busbar&id=ym-0690,2026-07-23
https://www.yominelectric.com/products?category=emergency-lighting&id=ym-el-2006,2026-07-23
https://www.yominelectric.com/products?category=current-transformer&id=ym-1066,2026-07-23
https://www.yominelectric.com/products?category=energy-meter&id=ym-0060,2026-07-23
https://www.yominelectric.com/products?category=flexible-busbar&id=ym-0527,2026-07-23
https://www.yominelectric.com/products?category=energy-storage-busbar&id=ym-0440,2026-07-23
https://www.yominelectric.com/products?category=emergency-lighting&id=ym-el-2002,2026-07-23
https://www.yominelectric.com/products?category=flexible-busbar&id=ym-0615,2026-07-23
https://www.yominelectric.com/products?category=current-transformer&id=ym-1045,2026-07-23
https://www.yominelectric.com/products?category=fuse-protection&id=ym-0963&product=factory-direct-sales-of-vietnamese-nt50-miniature-circuit-breaker-30a-exportgrad,2026-07-23
https://www.yominelectric.com/products?category=voltage-protector&id=ym-0918,2026-07-23
https://www.yominelectric.com/products?category=energy-meter&id=ym-0086,2026-07-23
https://www.yominelectric.com/products?category=busbar-protection&id=ym-0462,2026-07-23
https://www.yominelectric.com/products?category=fuse-protection&id=ym-0951,2026-07-23
https://www.yominelectric.com/products?category=energy-meter&id=ym-0724,2026-07-23
https://www.yominelectric.com/products?category=emergency-lighting&id=ym-el-2005,2026-07-23
https://www.yominelectric.com/products?category=emergency-lighting&id=ym-el-2000,2026-07-23
https://www.yominelectric.com/products?category=energy-meter&id=ym-0696,2026-07-23